baseMean	log2FoldChange	lfcSE	pvalue	padj	gene	Preferred_name	Description	PFAMs	GOs	KEGG_ko	KEGG_Pathway	COG_category	eggNOG_OGs	seed_ortholog	evalue
992.976809112604	-3.69359149825454	0.423271138347162	2.06520949991179e-19	7.43991722343221e-17	g1455	-	nucleobase-ascorbate transporter	Xan_ur_permease	GO:0005575,GO:0005623,GO:0005886,GO:0016020,GO:0044464,GO:0071944	ko:K14611	-	F	COG2233@1|root,KOG1292@2759|Eukaryota,37QS3@33090|Viridiplantae,3G7P2@35493|Streptophyta	3218.PP1S5_343V6.1	0
1021.23269498796	-4.07824372884432	0.564800919241094	3.42973845693938e-14	4.94225311644964e-12	g826	-	-	-	-	-	-	-	2E6DZ@1|root,2SD43@2759|Eukaryota,37XGB@33090|Viridiplantae,3GM5E@35493|Streptophyta	13333.ERN12644	0.000114
2273.62393232498	-2.77321970876457	0.380052102002496	3.13173077040164e-14	4.94225311644964e-12	g1308	-	No apical meristem (NAM) protein	NAM	-	-	-	K	COG0012@1|root,2QS0E@2759|Eukaryota,37RZS@33090|Viridiplantae,3GD22@35493|Streptophyta,3KNFV@4447|Liliopsida,3ID6P@38820|Poales	4577.GRMZM2G386163_P01	3.14e-77
324.715689408158	-4.17608805114141	0.58126811370256	5.40140505012286e-14	6.88431721798815e-12	g1426	-	Remorin-like	Remorin_C,Remorin_N	GO:0005575,GO:0005622,GO:0005623,GO:0005737,GO:0005773,GO:0005886,GO:0005911,GO:0009506,GO:0016020,GO:0030054,GO:0043226,GO:0043227,GO:0043229,GO:0043231,GO:0044424,GO:0044444,GO:0044464,GO:0055044,GO:0071944	-	-	S	29TJ0@1|root,2RXGE@2759|Eukaryota,37V44@33090|Viridiplantae,3GHY9@35493|Streptophyta	3218.PP1S246_84V6.1	0.000244
332.657330791893	-6.12269705142724	0.871136057052908	1.60519344233852e-13	1.65220267886414e-11	g2292	-	WRKY Transcription Factor	WRKY	-	-	-	K	28KH1@1|root,2QSY8@2759|Eukaryota,37P2H@33090|Viridiplantae,3GDXC@35493|Streptophyta	3218.PP1S246_89V6.1	1.91e-126
373.294734996074	-3.85372846484813	0.571984613506628	1.30477123562472e-12	1.04657651650036e-10	g1306										
736.950342572034	-2.31267677817608	0.339665269672933	1.30731278952162e-12	1.04657651650036e-10	g1646	-	Myb family transcription factor	Myb_CC_LHEQLE,Myb_DNA-binding	-	-	-	K	28KG7@1|root,2QVJ9@2759|Eukaryota,37PR1@33090|Viridiplantae,3GB4D@35493|Streptophyta	3218.PP1S47_90V6.1	5.31e-97
708.549303944229	-2.98754984323386	0.44955683772592	2.91348420108335e-12	2.20964775461111e-10	g1307										
82.866521539331	-10.7355097998627	3.13322963833756	3.190235687858e-12	2.29856481310169e-10	g177	-	Legume lectin domain	Lectin_legB,Pkinase,Pkinase_Tyr	GO:0002229,GO:0002239,GO:0005575,GO:0005623,GO:0005886,GO:0006950,GO:0006952,GO:0008150,GO:0009605,GO:0009607,GO:0016020,GO:0043207,GO:0044464,GO:0050896,GO:0051704,GO:0051707,GO:0071944,GO:0098542	ko:K10859	-	T	COG0515@1|root,2QT3J@2759|Eukaryota,37PH2@33090|Viridiplantae,3G9YM@35493|Streptophyta,3KX0P@4447|Liliopsida,3I89T@38820|Poales	77586.LPERR06G09710.1	1.38e-71
1192.58073512929	-3.10765374560684	0.493102111491184	2.5578355642166e-11	1.47433641921445e-09	g153	-	deSI-like protein At4g17486	Peptidase_C97	-	-	-	S	KOG0324@1|root,KOG0324@2759|Eukaryota,37I44@33090|Viridiplantae,3GE55@35493|Streptophyta	3218.PP1S70_275V6.1	1.16e-87
671.723093271863	-4.68894209839162	0.769656167585019	6.59116410334848e-11	3.65302595112506e-09	g967	-	Domain of unknown function	Ank_2,Ank_4,PGG	-	ko:K10380	ko04624,ko05205,map04624,map05205	M	COG0666@1|root,KOG4177@2759|Eukaryota,388R0@33090|Viridiplantae,3GXDP@35493|Streptophyta	3218.PP1S432_19V6.1	1.1e-24
1179.72871880139	-2.07449306000612	0.340545842678273	1.74329039323724e-10	8.3736048555162e-09	g1231	-	Belongs to the NPH3 family	NPH3	GO:0005575,GO:0005623,GO:0005886,GO:0016020,GO:0044464,GO:0071944	-	-	S	28KHE@1|root,2QSYM@2759|Eukaryota,37KPY@33090|Viridiplantae,3G90K@35493|Streptophyta	3218.PP1S108_69V6.1	0
74.0064525976265	-5.01082340153532	0.865096880349201	3.08197346463289e-10	1.3878511757925e-08	g213										
120.854147293478	-4.16834824196626	0.729860819739691	7.06105176691682e-10	2.74999340435869e-08	g1031	-	PFAM EamA-like transporter family	EamA	-	-	-	EG	COG0697@1|root,COG0697@2|Bacteria,1G03E@1117|Cyanobacteria,3VJA3@52604|Pleurocapsales	1541065.JRFE01000022_gene3972	1.44e-76
582.237169335207	-3.25633321281212	0.576899706889319	1.35518954601427e-09	4.88207033951642e-08	g1024	-	TLC domain-containing protein	TRAM_LAG1_CLN8	-	ko:K01872	ko00970,map00970	S	KOG4474@1|root,KOG4474@2759|Eukaryota,37JP4@33090|Viridiplantae,3G9PI@35493|Streptophyta,4JJ43@91835|fabids	981085.XP_010104494.1	2.42e-71
239.978875922998	-3.55188748721754	0.634362327991664	1.70665593880467e-09	5.99827123857934e-08	g837	-	serine threonine-protein kinase	Pkinase	GO:0001932,GO:0001934,GO:0003674,GO:0003824,GO:0004672,GO:0004674,GO:0005575,GO:0005622,GO:0005623,GO:0005737,GO:0006464,GO:0006468,GO:0006793,GO:0006796,GO:0006807,GO:0006950,GO:0007154,GO:0007165,GO:0007346,GO:0008150,GO:0008152,GO:0009893,GO:0009987,GO:0010562,GO:0010604,GO:0016301,GO:0016310,GO:0016740,GO:0016772,GO:0016773,GO:0019220,GO:0019222,GO:0019538,GO:0023014,GO:0023052,GO:0031098,GO:0031323,GO:0031325,GO:0031399,GO:0031401,GO:0032147,GO:0032268,GO:0032270,GO:0033554,GO:0033674,GO:0035556,GO:0036211,GO:0042325,GO:0042327,GO:0043085,GO:0043170,GO:0043412,GO:0043549,GO:0044093,GO:0044237,GO:0044238,GO:0044260,GO:0044267,GO:0044424,GO:0044464,GO:0045859,GO:0045860,GO:0045937,GO:0048518,GO:0048522,GO:0050789,GO:0050790,GO:0050794,GO:0050896,GO:0051171,GO:0051173,GO:0051174,GO:0051246,GO:0051247,GO:0051338,GO:0051347,GO:0051716,GO:0051726,GO:0060255,GO:0065007,GO:0065009,GO:0071704,GO:0080090,GO:0140096,GO:1901564	ko:K08835	-	T	KOG0582@1|root,KOG0582@2759|Eukaryota,37K74@33090|Viridiplantae,3G9QR@35493|Streptophyta	3218.PP1S227_24V6.1	2.1e-275
175.091219049865	-2.5672988276007	0.453522143811594	1.8072027897843e-09	6.20042671447424e-08	g1647										
59.2440978399256	-4.93407139316738	0.916903961298779	3.02018487579693e-09	9.92070534785709e-08	g666	ERD4	CSC1-like protein ERD4	PHM7_cyt,RSN1_7TM,RSN1_TM	GO:0005575,GO:0005622,GO:0005623,GO:0005737,GO:0005773,GO:0005774,GO:0005886,GO:0005911,GO:0009506,GO:0009507,GO:0009526,GO:0009536,GO:0009941,GO:0016020,GO:0030054,GO:0031090,GO:0031967,GO:0031975,GO:0043226,GO:0043227,GO:0043229,GO:0043231,GO:0044422,GO:0044424,GO:0044434,GO:0044435,GO:0044437,GO:0044444,GO:0044446,GO:0044464,GO:0055044,GO:0071944,GO:0098588,GO:0098805	ko:K21989	-	S	COG5594@1|root,KOG1134@2759|Eukaryota,37P1I@33090|Viridiplantae,3GAPK@35493|Streptophyta	3218.PP1S87_23V6.1	0
4700.50406642612	-2.56883049276589	0.47080451276422	5.23759030429825e-09	1.67719280633195e-07	g717	-	Belongs to the peroxidase family. Classical plant (class III) peroxidase subfamily	peroxidase	-	ko:K00430	ko00940,ko01100,ko01110,map00940,map01100,map01110	Q	2C0PQ@1|root,2QU1K@2759|Eukaryota,37KW4@33090|Viridiplantae,3GXEY@35493|Streptophyta	3218.PP1S60_103V6.1	8.64e-137
240.407991263428	-2.29493687892449	0.422181914722603	7.16084417636232e-09	2.17819018849097e-07	g619	-	Endoglucanase	Glyco_hydro_9	-	ko:K01179	ko00500,ko01100,map00500,map01100	G	28INR@1|root,2QQZQ@2759|Eukaryota,37NDD@33090|Viridiplantae,3G9DR@35493|Streptophyta	3218.PP1S60_116V6.1	0
872.117278024277	-3.24546125223729	0.624501380858231	1.61995070415404e-08	4.57715483271759e-07	g2193	-	transcription, DNA-templated	NAM	GO:0000003,GO:0003006,GO:0003674,GO:0003700,GO:0005575,GO:0005622,GO:0005623,GO:0005634,GO:0006355,GO:0007275,GO:0007568,GO:0008150,GO:0009790,GO:0009791,GO:0009793,GO:0009825,GO:0009835,GO:0009889,GO:0009908,GO:0009987,GO:0010150,GO:0010154,GO:0010468,GO:0010556,GO:0016049,GO:0019219,GO:0019222,GO:0021700,GO:0022414,GO:0031323,GO:0031326,GO:0032501,GO:0032502,GO:0040007,GO:0043226,GO:0043227,GO:0043229,GO:0043231,GO:0044424,GO:0044464,GO:0048316,GO:0048366,GO:0048367,GO:0048608,GO:0048731,GO:0048827,GO:0048856,GO:0050789,GO:0050794,GO:0051171,GO:0051252,GO:0060255,GO:0061458,GO:0065007,GO:0071695,GO:0080090,GO:0090567,GO:0090693,GO:0099402,GO:0140110,GO:1903506,GO:2000112,GO:2001141	-	-	K	28IZK@1|root,2QRBC@2759|Eukaryota,37RM6@33090|Viridiplantae,3GI5R@35493|Streptophyta	3218.PP1S5_359V6.1	5.48e-176
224.601148903183	-2.57904815123555	0.501392905163511	3.02133574977913e-08	7.77454431327094e-07	g2290	-	Belongs to the TRAFAC class myosin-kinesin ATPase superfamily. Kinesin family	Kinesin	-	ko:K10395,ko:K18806	ko04340,ko05200,ko05217,map04340,map05200,map05217	Z	COG5059@1|root,KOG0244@2759|Eukaryota,37Z1W@33090|Viridiplantae	296587.XP_002509292.1	8.53e-23
763.347579553951	-2.09769787275658	0.404753790843683	3.29091869612899e-08	8.31967340547697e-07	g652	-	STICHEL-like 3	DNA_pol3_delta2,DNA_pol3_gamma3	GO:0005575,GO:0005622,GO:0005623,GO:0005634,GO:0005657,GO:0005663,GO:0005694,GO:0005886,GO:0006139,GO:0006259,GO:0006260,GO:0006261,GO:0006281,GO:0006725,GO:0006807,GO:0006950,GO:0006974,GO:0008150,GO:0008152,GO:0009058,GO:0009059,GO:0009987,GO:0016020,GO:0032991,GO:0033554,GO:0034641,GO:0034645,GO:0043170,GO:0043226,GO:0043227,GO:0043228,GO:0043229,GO:0043231,GO:0043232,GO:0044237,GO:0044238,GO:0044249,GO:0044260,GO:0044422,GO:0044424,GO:0044427,GO:0044446,GO:0044464,GO:0046483,GO:0050896,GO:0051716,GO:0071704,GO:0071944,GO:0090304,GO:1901360,GO:1901576	-	-	L	COG0470@1|root,KOG0989@2759|Eukaryota,37S10@33090|Viridiplantae,3GCRI@35493|Streptophyta	3218.PP1S256_14V6.2	0
477.623794629668	-2.22792628741345	0.432525216056962	3.50869378735111e-08	8.71728921995337e-07	g615										
46.7682986634701	-6.68778645892989	1.26407495362729	4.06337545736306e-08	9.92427802383079e-07	g762										
113.163249861944	-2.80431316643291	0.556450737271995	4.82947637481067e-08	1.1598792426837e-06	g1437	-	Belongs to the glycosyltransferase 31 family	Galactosyl_T	GO:0000003,GO:0003006,GO:0003674,GO:0003824,GO:0005575,GO:0005622,GO:0005623,GO:0005737,GO:0005794,GO:0006029,GO:0006464,GO:0006486,GO:0006493,GO:0006807,GO:0007275,GO:0008150,GO:0008152,GO:0008378,GO:0009058,GO:0009059,GO:0009100,GO:0009101,GO:0009653,GO:0009791,GO:0009888,GO:0009987,GO:0010015,GO:0010053,GO:0010054,GO:0010154,GO:0010191,GO:0010192,GO:0010214,GO:0010384,GO:0010404,GO:0010405,GO:0012505,GO:0016740,GO:0016757,GO:0016758,GO:0018193,GO:0018208,GO:0018258,GO:0019538,GO:0021700,GO:0022414,GO:0022622,GO:0030154,GO:0032501,GO:0032502,GO:0034645,GO:0036211,GO:0043170,GO:0043226,GO:0043227,GO:0043229,GO:0043231,GO:0043412,GO:0043413,GO:0044036,GO:0044237,GO:0044238,GO:0044249,GO:0044260,GO:0044267,GO:0044424,GO:0044444,GO:0044464,GO:0048316,GO:0048354,GO:0048359,GO:0048364,GO:0048468,GO:0048469,GO:0048608,GO:0048731,GO:0048764,GO:0048765,GO:0048856,GO:0048869,GO:0061458,GO:0070085,GO:0071554,GO:0071695,GO:0071704,GO:0080147,GO:0090558,GO:0090627,GO:0099402,GO:1901135,GO:1901137,GO:1901564,GO:1901566,GO:1901576,GO:1905392,GO:1990714	ko:K00734	ko00532,ko00534,ko01100,map00532,map00534,map01100	G	KOG2287@1|root,KOG2287@2759|Eukaryota,37JEK@33090|Viridiplantae,3GDN5@35493|Streptophyta	3218.PP1S111_120V6.1	8.61e-123
2069.32726265945	-2.18579058793889	0.434293257026798	6.5936809976337e-08	1.55762201927708e-06	g2101	MGL	methionine	Cys_Met_Meta_PP	GO:0000096,GO:0000097,GO:0000098,GO:0001101,GO:0003674,GO:0003824,GO:0003962,GO:0004123,GO:0005488,GO:0005575,GO:0005622,GO:0005623,GO:0005737,GO:0005829,GO:0006082,GO:0006520,GO:0006534,GO:0006555,GO:0006790,GO:0006807,GO:0006950,GO:0007154,GO:0008144,GO:0008150,GO:0008152,GO:0008652,GO:0009056,GO:0009058,GO:0009063,GO:0009066,GO:0009067,GO:0009068,GO:0009069,GO:0009070,GO:0009086,GO:0009087,GO:0009092,GO:0009267,GO:0009414,GO:0009415,GO:0009605,GO:0009628,GO:0009970,GO:0009987,GO:0009991,GO:0010035,GO:0016043,GO:0016053,GO:0016054,GO:0016740,GO:0016765,GO:0016829,GO:0016846,GO:0017144,GO:0018826,GO:0019343,GO:0019344,GO:0019346,GO:0019458,GO:0019752,GO:0019842,GO:0022607,GO:0030170,GO:0031667,GO:0031668,GO:0031669,GO:0033554,GO:0036094,GO:0042221,GO:0042594,GO:0042631,GO:0043167,GO:0043168,GO:0043436,GO:0043933,GO:0044085,GO:0044237,GO:0044238,GO:0044248,GO:0044249,GO:0044272,GO:0044273,GO:0044281,GO:0044282,GO:0044283,GO:0044424,GO:0044444,GO:0044464,GO:0046394,GO:0046395,GO:0048037,GO:0050662,GO:0050667,GO:0050896,GO:0051259,GO:0051260,GO:0051262,GO:0051289,GO:0051716,GO:0065003,GO:0070279,GO:0070887,GO:0071214,GO:0071229,GO:0071265,GO:0071266,GO:0071462,GO:0071496,GO:0071704,GO:0071840,GO:0097159,GO:0104004,GO:1901363,GO:1901564,GO:1901565,GO:1901566,GO:1901575,GO:1901576,GO:1901605,GO:1901606,GO:1901607,GO:1901700,GO:1901701	ko:K01761	ko00270,ko00450,map00270,map00450	E	COG0626@1|root,KOG0053@2759|Eukaryota,37RGY@33090|Viridiplantae,3GB43@35493|Streptophyta	3218.PP1S37_264V6.2	2.28e-281
164.125924958644	-3.52231104519018	0.719863173641538	7.58341657185394e-08	1.76253278710347e-06	g374	-	Late embryogenesis abundant protein	LEA_2	-	-	-	S	2CXQS@1|root,2RZ37@2759|Eukaryota,37UHD@33090|Viridiplantae,3GIRE@35493|Streptophyta	3218.PP1S190_64V6.1	4.85e-90
2145.83898661434	-3.73346510955223	0.777825531867338	9.99936085775993e-08	2.28715539619556e-06	g2015	-	Phenylalanine ammonialyase	Lyase_aromatic	GO:0001101,GO:0003674,GO:0003824,GO:0006464,GO:0006508,GO:0006511,GO:0006725,GO:0006807,GO:0008150,GO:0008152,GO:0009056,GO:0009057,GO:0009058,GO:0009636,GO:0009698,GO:0009699,GO:0009719,GO:0009725,GO:0009739,GO:0009987,GO:0010033,GO:0010243,GO:0014070,GO:0016598,GO:0016829,GO:0016840,GO:0016841,GO:0019438,GO:0019538,GO:0019748,GO:0019941,GO:0030163,GO:0033993,GO:0036211,GO:0042221,GO:0042493,GO:0043170,GO:0043412,GO:0043632,GO:0044237,GO:0044238,GO:0044248,GO:0044249,GO:0044257,GO:0044260,GO:0044265,GO:0044267,GO:0044550,GO:0045548,GO:0046677,GO:0046898,GO:0050896,GO:0051603,GO:0060992,GO:0071704,GO:0097305,GO:1901360,GO:1901362,GO:1901564,GO:1901565,GO:1901575,GO:1901576,GO:1901654,GO:1901698,GO:1901700	ko:K10775,ko:K13064	ko00360,ko00940,ko01100,ko01110,map00360,map00940,map01100,map01110	Q	COG2986@1|root,KOG0222@2759|Eukaryota,37M4G@33090|Viridiplantae,3G9T5@35493|Streptophyta	3218.PP1S43_88V6.1	0
77.7192201323884	-2.90298978129347	0.606495568767856	1.46932028349576e-07	3.30826645080842e-06	g1489										
1471.61884381548	-2.06495272248213	0.425552283274196	1.82101251059668e-07	3.85893974672032e-06	g10	-	defense response to virus	LEA_2	GO:0001101,GO:0002252,GO:0002376,GO:0005575,GO:0005622,GO:0005623,GO:0005737,GO:0005773,GO:0005774,GO:0005794,GO:0005886,GO:0005911,GO:0006950,GO:0006952,GO:0006955,GO:0008150,GO:0009506,GO:0009605,GO:0009607,GO:0009611,GO:0009615,GO:0009617,GO:0009719,GO:0009725,GO:0009751,GO:0009814,GO:0009816,GO:0010033,GO:0012505,GO:0014070,GO:0016020,GO:0030054,GO:0031090,GO:0031224,GO:0031225,GO:0031226,GO:0042221,GO:0042493,GO:0042742,GO:0043207,GO:0043226,GO:0043227,GO:0043229,GO:0043231,GO:0044422,GO:0044424,GO:0044425,GO:0044437,GO:0044444,GO:0044446,GO:0044459,GO:0044464,GO:0045087,GO:0046658,GO:0046677,GO:0050896,GO:0051607,GO:0051704,GO:0051707,GO:0055044,GO:0071944,GO:0098542,GO:0098588,GO:0098805,GO:1901700	-	-	U	28N60@1|root,2QUR9@2759|Eukaryota,381IV@33090|Viridiplantae	3218.PP1S128_100V6.1	1.35e-79
730.837852514249	-2.0979863970513	0.435869686117374	2.1699676942364e-07	4.46703349627807e-06	g161	-	Calcineurin-like phosphoesterase	Metallophos	-	-	-	S	COG1409@1|root,2QPJI@2759|Eukaryota,37R88@33090|Viridiplantae,3GF69@35493|Streptophyta	3218.PP1S188_10V6.1	3.19e-246
344.902811726502	-3.38756862478047	0.734941357014249	2.8598480875844e-07	5.72366818640156e-06	g497										
4439.05249653675	-2.11075670585403	0.445215620746515	2.97457101313123e-07	5.87172168482479e-06	g2240	Lhcb2-1	The light-harvesting complex (LHC) functions as a light receptor, it captures and delivers excitation energy to photosystems with which it is closely associated	Chloroa_b-bind	GO:0001101,GO:0003674,GO:0005488,GO:0005515,GO:0005575,GO:0005622,GO:0005623,GO:0005737,GO:0005773,GO:0005774,GO:0006091,GO:0006950,GO:0008150,GO:0008152,GO:0009266,GO:0009269,GO:0009314,GO:0009409,GO:0009414,GO:0009415,GO:0009416,GO:0009503,GO:0009507,GO:0009517,GO:0009521,GO:0009522,GO:0009523,GO:0009526,GO:0009532,GO:0009534,GO:0009535,GO:0009536,GO:0009570,GO:0009579,GO:0009628,GO:0009637,GO:0009639,GO:0009642,GO:0009644,GO:0009645,GO:0009719,GO:0009725,GO:0009737,GO:0009765,GO:0009768,GO:0009769,GO:0009889,GO:0009891,GO:0009893,GO:0009941,GO:0009987,GO:0010033,GO:0010035,GO:0010114,GO:0010119,GO:0010218,GO:0010287,GO:0015979,GO:0016020,GO:0016168,GO:0019222,GO:0019684,GO:0019904,GO:0030076,GO:0030104,GO:0031090,GO:0031323,GO:0031325,GO:0031409,GO:0031967,GO:0031975,GO:0031976,GO:0031984,GO:0032870,GO:0032991,GO:0033993,GO:0034357,GO:0042221,GO:0042592,GO:0042651,GO:0043167,GO:0043168,GO:0043226,GO:0043227,GO:0043229,GO:0043231,GO:0044237,GO:0044422,GO:0044424,GO:0044425,GO:0044434,GO:0044435,GO:0044436,GO:0044437,GO:0044444,GO:0044446,GO:0044464,GO:0046906,GO:0048037,GO:0048518,GO:0048522,GO:0048878,GO:0050789,GO:0050794,GO:0050896,GO:0051716,GO:0055035,GO:0065007,GO:0065008,GO:0070887,GO:0071215,GO:0071229,GO:0071310,GO:0071396,GO:0071495,GO:0090333,GO:0097159,GO:0097305,GO:0097306,GO:0098588,GO:0098796,GO:0098805,GO:0098807,GO:1901363,GO:1901700,GO:1901701,GO:1903426,GO:1903428,GO:2000377,GO:2000379	ko:K08912,ko:K08913	ko00196,ko01100,map00196,map01100	C	2CMAT@1|root,2QPU1@2759|Eukaryota,37HF1@33090|Viridiplantae,3GBSG@35493|Streptophyta	3218.PP1S51_305V6.1	2.06e-188
437.962079125387	-1.8360007778776	0.383326113206452	3.10049807981993e-07	6.0375915311088e-06	g1182	-	This protein plays a role in synthesis of starch. It catalyzes the synthesis of the activated glycosyl donor, ADP- glucose from Glc-1-P and ATP	NTP_transferase	-	ko:K00975	ko00500,ko00520,ko01100,ko01110,ko02026,map00500,map00520,map01100,map01110,map02026	M	COG1208@1|root,KOG1322@2759|Eukaryota,37JN6@33090|Viridiplantae,3GB0H@35493|Streptophyta	3218.PP1S175_26V6.1	8.82999999999999e-281
809.754983786794	-1.94472274649323	0.414304971945716	4.41975486597473e-07	8.20682412401864e-06	g1985	-	Nudix hydrolase 20	DUF4743,NUDIX	GO:0003674,GO:0003824,GO:0005575,GO:0005622,GO:0005623,GO:0005737,GO:0009507,GO:0009536,GO:0016462,GO:0016787,GO:0016817,GO:0016818,GO:0017110,GO:0043226,GO:0043227,GO:0043229,GO:0043231,GO:0044424,GO:0044444,GO:0044464,GO:0044715	-	-	F	COG0494@1|root,KOG4313@2759|Eukaryota,37MQ3@33090|Viridiplantae,3GDAA@35493|Streptophyta	3218.PP1S91_134V6.1	8.65e-201
509.383790817797	-3.25112907076184	0.719003704631855	4.40056322738485e-07	8.20682412401864e-06	g2323	EXTL1	Exostosin family	Exostosin,Glyco_transf_64	GO:0000003,GO:0000139,GO:0000271,GO:0000902,GO:0000904,GO:0001501,GO:0001503,GO:0003674,GO:0003824,GO:0005488,GO:0005515,GO:0005575,GO:0005622,GO:0005623,GO:0005737,GO:0005783,GO:0005789,GO:0005794,GO:0005975,GO:0005976,GO:0006022,GO:0006023,GO:0006024,GO:0006029,GO:0006040,GO:0006044,GO:0006082,GO:0006790,GO:0006807,GO:0006810,GO:0006897,GO:0006928,GO:0006935,GO:0006950,GO:0006986,GO:0006996,GO:0007005,GO:0007154,GO:0007165,GO:0007275,GO:0007276,GO:0007369,GO:0007399,GO:0007409,GO:0007411,GO:0007417,GO:0007420,GO:0007492,GO:0007498,GO:0008150,GO:0008152,GO:0008194,GO:0008354,GO:0008375,GO:0008589,GO:0009058,GO:0009059,GO:0009100,GO:0009101,GO:0009605,GO:0009653,GO:0009790,GO:0009792,GO:0009888,GO:0009966,GO:0009967,GO:0009987,GO:0010033,GO:0010646,GO:0010647,GO:0012505,GO:0015012,GO:0015014,GO:0015020,GO:0016020,GO:0016021,GO:0016043,GO:0016051,GO:0016192,GO:0016477,GO:0016740,GO:0016757,GO:0016758,GO:0019538,GO:0019899,GO:0019953,GO:0021537,GO:0021772,GO:0021988,GO:0022008,GO:0022412,GO:0022414,GO:0023051,GO:0023052,GO:0023056,GO:0030030,GO:0030111,GO:0030154,GO:0030166,GO:0030176,GO:0030177,GO:0030182,GO:0030201,GO:0030202,GO:0030203,GO:0030210,GO:0030900,GO:0030968,GO:0031090,GO:0031175,GO:0031224,GO:0031227,GO:0031984,GO:0032501,GO:0032502,GO:0032504,GO:0032989,GO:0032990,GO:0033554,GO:0033692,GO:0034620,GO:0034637,GO:0034645,GO:0034976,GO:0035295,GO:0035966,GO:0035967,GO:0036465,GO:0036498,GO:0040011,GO:0042175,GO:0042221,GO:0042328,GO:0042330,GO:0042802,GO:0042803,GO:0043009,GO:0043170,GO:0043226,GO:0043227,GO:0043229,GO:0043231,GO:0043436,GO:0044237,GO:0044238,GO:0044249,GO:0044260,GO:0044262,GO:0044264,GO:0044272,GO:0044281,GO:0044422,GO:0044424,GO:0044425,GO:0044431,GO:0044432,GO:0044444,GO:0044446,GO:0044464,GO:0044703,GO:0045880,GO:0046982,GO:0046983,GO:0048311,GO:0048312,GO:0048468,GO:0048488,GO:0048513,GO:0048518,GO:0048522,GO:0048565,GO:0048583,GO:0048584,GO:0048598,GO:0048609,GO:0048666,GO:0048667,GO:0048699,GO:0048706,GO:0048731,GO:0048812,GO:0048856,GO:0048858,GO:0048869,GO:0048870,GO:0050508,GO:0050509,GO:0050789,GO:0050794,GO:0050808,GO:0050896,GO:0051179,GO:0051234,GO:0051640,GO:0051641,GO:0051646,GO:0051649,GO:0051674,GO:0051704,GO:0051716,GO:0055123,GO:0060322,GO:0060465,GO:0060828,GO:0061564,GO:0065007,GO:0070887,GO:0071310,GO:0071704,GO:0071840,GO:0072498,GO:0090092,GO:0090097,GO:0090098,GO:0090100,GO:0090263,GO:0097485,GO:0098588,GO:0098657,GO:0098791,GO:0098827,GO:0099003,GO:0099504,GO:0120036,GO:0120039,GO:1901071,GO:1901135,GO:1901137,GO:1901564,GO:1901566,GO:1901576,GO:1903510	ko:K02366,ko:K02368,ko:K21988	ko00534,ko01100,map00534,map01100	GMW	KOG1021@1|root,KOG1021@2759|Eukaryota,37YUT@33090|Viridiplantae,3GPBK@35493|Streptophyta	3218.PP1S47_134V6.1	6.92e-223
1710.99825629372	-2.67981281171694	0.585224223275352	4.44227815179357e-07	8.20682412401864e-06	g2339	-	LRR receptor-like serine threonine-protein kinase	LRRNT_2,LRR_1,LRR_6,LRR_8,Pkinase	GO:0002215,GO:0005575,GO:0005622,GO:0005623,GO:0005737,GO:0005739,GO:0005886,GO:0006950,GO:0006952,GO:0007275,GO:0008150,GO:0009791,GO:0009825,GO:0009845,GO:0009987,GO:0016020,GO:0016049,GO:0032501,GO:0032502,GO:0040007,GO:0043226,GO:0043227,GO:0043229,GO:0043231,GO:0044424,GO:0044444,GO:0044464,GO:0048856,GO:0050896,GO:0071944,GO:0090351	-	-	T	COG4886@1|root,2QQCM@2759|Eukaryota,37SW5@33090|Viridiplantae,3G73R@35493|Streptophyta	3218.PP1S159_97V6.1	0
34.2570747348126	-8.98493628881983	3.17019007188876	5.55938979849911e-07	1.01406084805534e-05	g1255	-	DNA binding	-	GO:0003674,GO:0003676,GO:0003677,GO:0003690,GO:0005488,GO:0005575,GO:0005622,GO:0005623,GO:0005634,GO:0005737,GO:0006355,GO:0008150,GO:0009888,GO:0009889,GO:0009890,GO:0009892,GO:0010087,GO:0010089,GO:0010468,GO:0010556,GO:0010558,GO:0010605,GO:0010629,GO:0019219,GO:0019222,GO:0031323,GO:0031324,GO:0031326,GO:0031327,GO:0032502,GO:0043226,GO:0043227,GO:0043229,GO:0043231,GO:0044424,GO:0044464,GO:0045892,GO:0045934,GO:0048519,GO:0048523,GO:0048580,GO:0048856,GO:0050789,GO:0050793,GO:0050794,GO:0051171,GO:0051172,GO:0051239,GO:0051252,GO:0051253,GO:0060255,GO:0065007,GO:0080050,GO:0080090,GO:0097100,GO:0097159,GO:1901363,GO:1902679,GO:1903506,GO:1903507,GO:2000026,GO:2000033,GO:2000034,GO:2000112,GO:2000113,GO:2000241,GO:2001141	-	-	S	28QZF@1|root,2QXNF@2759|Eukaryota,37T3Z@33090|Viridiplantae,3GASR@35493|Streptophyta	3218.PP1S190_44V6.1	1.09e-112
1030.73356678994	-1.9527094860607	0.422117051106662	6.16538751477452e-07	1.11054042609876e-05	g1509	-	Aldo/keto reductase family	Aldo_ket_red	-	-	-	C	COG0667@1|root,2S0PI@2759|Eukaryota,37UGN@33090|Viridiplantae,3GP0T@35493|Streptophyta	3218.PP1S46_300V6.1	2.4e-235
1314.90034306567	-1.63360968323431	0.351312932066966	7.56460394316912e-07	1.31332461230201e-05	g2209										
1229.90445815604	-1.65582454657461	0.360174416129837	9.53567104597675e-07	1.62009595528684e-05	g1624										
551.184910125334	-2.36053386505665	0.53266071495139	1.08828293236522e-06	1.82350663434684e-05	g1511	-	strubbelig-receptor family	LRRNT_2,LRR_1,LRR_6,LRR_8,Pkinase_Tyr	GO:0003674,GO:0003824,GO:0004672,GO:0004674,GO:0004675,GO:0004888,GO:0005575,GO:0005622,GO:0005623,GO:0005634,GO:0005737,GO:0005829,GO:0005886,GO:0006464,GO:0006468,GO:0006793,GO:0006796,GO:0006807,GO:0007154,GO:0007165,GO:0007166,GO:0007167,GO:0007178,GO:0008150,GO:0008152,GO:0009987,GO:0016020,GO:0016301,GO:0016310,GO:0016740,GO:0016772,GO:0016773,GO:0019199,GO:0019538,GO:0023052,GO:0036211,GO:0038023,GO:0043170,GO:0043226,GO:0043227,GO:0043229,GO:0043231,GO:0043412,GO:0044237,GO:0044238,GO:0044260,GO:0044267,GO:0044424,GO:0044444,GO:0044464,GO:0050789,GO:0050794,GO:0050896,GO:0051716,GO:0060089,GO:0065007,GO:0071704,GO:0071944,GO:0140096,GO:1901564	-	-	T	2CMQX@1|root,2QRHD@2759|Eukaryota,37ITP@33090|Viridiplantae,3G7K8@35493|Streptophyta	3218.PP1S204_22V6.1	3.79e-257
952.008260267542	-2.61307236026752	0.597154099697417	1.19212006691013e-06	1.9745345016293e-05	g2289	-	Belongs to the TRAFAC class myosin-kinesin ATPase superfamily. Kinesin family	Kinesin	-	ko:K10395	-	Z	COG5059@1|root,KOG0244@2759|Eukaryota,37Z1W@33090|Viridiplantae,3GNQ5@35493|Streptophyta	3218.PP1S47_261V6.1	0
7743.00309662995	-1.46583172517835	0.326742456015703	2.1389229963867e-06	3.38701982175081e-05	g2210	-	DNA-binding domain in plant proteins such as APETALA2 and EREBPs	AP2	-	-	-	K	28PHQ@1|root,2SSH6@2759|Eukaryota,380B9@33090|Viridiplantae,3GQ32@35493|Streptophyta,3MAQ8@4447|Liliopsida	42345.XP_008786978.1	1.02e-07
389.930427924366	-1.46890457550071	0.335492906435119	3.26345045090671e-06	4.95013905237533e-05	g1627										
81.3434388131451	-2.07446045287513	0.488905224147058	3.38275562181918e-06	5.07765713650149e-05	g1635	-	-	-	-	-	-	-	2CGF5@1|root,2QWDH@2759|Eukaryota,37QMM@33090|Viridiplantae,3G7EC@35493|Streptophyta	3218.PP1S120_22V6.1	1.53e-256
1935.75225785505	-1.41026751678618	0.321902169535762	3.45505825582949e-06	5.132720563557e-05	g1628	-	Squamosa promoter-binding-like protein	SBP	GO:0005575,GO:0005622,GO:0005623,GO:0005634,GO:0043226,GO:0043227,GO:0043229,GO:0043231,GO:0044424,GO:0044464	-	-	S	28PVA@1|root,2QWHY@2759|Eukaryota,37UTV@33090|Viridiplantae,3GGQW@35493|Streptophyta	3218.PP1S118_9V6.1	0
9298.20005174239	-2.19940398175225	0.525866458027888	3.71478850717596e-06	5.46225534575567e-05	g436	-	ABC transporter G family member	ABC2_membrane,ABC_tran	-	ko:K05681	ko01523,ko02010,ko04976,map01523,map02010,map04976	Q	COG1131@1|root,KOG0061@2759|Eukaryota,37IF3@33090|Viridiplantae,3GARA@35493|Streptophyta	3218.PP1S330_18V6.1	0
6627.05749278724	-2.45226681213386	0.600707822457316	4.74490536437062e-06	6.90647336369502e-05	g835	-	Minor allergen Alt a	FMN_red	-	ko:K03809	ko00130,ko01110,map00130,map01110	DTZ	COG0655@1|root,KOG3135@2759|Eukaryota,37ID9@33090|Viridiplantae,3GD9G@35493|Streptophyta	161934.XP_010694306.1	4.71e-109
1752.10309319541	-1.62780443292196	0.383116647734636	4.9997413096251e-06	7.20462722716977e-05	g1060	-	E3 ubiquitin-protein ligase	Ank,Ank_2,Ank_3,Ank_4	GO:0003674,GO:0003824,GO:0004842,GO:0006464,GO:0006508,GO:0006511,GO:0006521,GO:0006807,GO:0007275,GO:0008150,GO:0008152,GO:0009056,GO:0009057,GO:0009653,GO:0009719,GO:0009725,GO:0009733,GO:0009791,GO:0009889,GO:0009890,GO:0009892,GO:0009987,GO:0010015,GO:0010033,GO:0010101,GO:0010102,GO:0010311,GO:0010364,GO:0010366,GO:0010565,GO:0010817,GO:0016567,GO:0016740,GO:0019222,GO:0019538,GO:0019787,GO:0019941,GO:0022622,GO:0030163,GO:0031323,GO:0031324,GO:0031326,GO:0031327,GO:0031335,GO:0031336,GO:0032350,GO:0032351,GO:0032353,GO:0032446,GO:0032501,GO:0032502,GO:0033238,GO:0033239,GO:0036211,GO:0042221,GO:0042762,GO:0043170,GO:0043412,GO:0043632,GO:0044237,GO:0044238,GO:0044248,GO:0044257,GO:0044260,GO:0044265,GO:0044267,GO:0045763,GO:0046885,GO:0048364,GO:0048519,GO:0048523,GO:0048527,GO:0048528,GO:0048646,GO:0048731,GO:0048856,GO:0050789,GO:0050794,GO:0050896,GO:0051171,GO:0051172,GO:0051175,GO:0051603,GO:0051865,GO:0062012,GO:0062014,GO:0065007,GO:0065008,GO:0070647,GO:0071704,GO:0080090,GO:0090696,GO:0090697,GO:0090698,GO:0099402,GO:0140096,GO:1900908,GO:1900909,GO:1900911,GO:1900912,GO:1901564,GO:1901565,GO:1901575,GO:1905392,GO:1905393	ko:K19044	-	O	COG0666@1|root,2QR1Y@2759|Eukaryota,37IVM@33090|Viridiplantae,3GBNF@35493|Streptophyta	3218.PP1S13_27V6.1	0
7251.22561818328	-2.52952789021182	0.626738834085622	5.18462641936363e-06	7.39707591119109e-05	g746	PHYB	Regulatory photoreceptor which exists in two forms that are reversibly interconvertible by light the Pr form that absorbs maximally in the red region of the spectrum and the Pfr form that absorbs maximally in the far-red region	GAF,HATPase_c,HisKA,PAS,PAS_2,PHY	GO:0001101,GO:0003674,GO:0003676,GO:0003677,GO:0003682,GO:0005488,GO:0005515,GO:0005575,GO:0005622,GO:0005623,GO:0005634,GO:0005654,GO:0005737,GO:0005829,GO:0006066,GO:0006082,GO:0006325,GO:0006355,GO:0006464,GO:0006629,GO:0006714,GO:0006720,GO:0006721,GO:0006807,GO:0006810,GO:0006833,GO:0006873,GO:0006874,GO:0006875,GO:0006950,GO:0006996,GO:0007154,GO:0007165,GO:0007275,GO:0007602,GO:0007623,GO:0008150,GO:0008152,GO:0009266,GO:0009314,GO:0009409,GO:0009416,GO:0009581,GO:0009582,GO:0009583,GO:0009585,GO:0009605,GO:0009606,GO:0009628,GO:0009629,GO:0009630,GO:0009637,GO:0009638,GO:0009639,GO:0009640,GO:0009642,GO:0009645,GO:0009649,GO:0009687,GO:0009719,GO:0009725,GO:0009753,GO:0009755,GO:0009791,GO:0009867,GO:0009881,GO:0009883,GO:0009888,GO:0009889,GO:0009890,GO:0009892,GO:0009987,GO:0010017,GO:0010018,GO:0010029,GO:0010033,GO:0010114,GO:0010148,GO:0010161,GO:0010202,GO:0010218,GO:0010244,GO:0010374,GO:0010468,GO:0010556,GO:0010558,GO:0010605,GO:0010617,GO:0010629,GO:0015979,GO:0016043,GO:0016604,GO:0017006,GO:0017007,GO:0017012,GO:0019219,GO:0019222,GO:0019538,GO:0019725,GO:0019752,GO:0023052,GO:0030003,GO:0031323,GO:0031324,GO:0031326,GO:0031327,GO:0031347,GO:0031516,GO:0031517,GO:0031974,GO:0031981,GO:0032501,GO:0032502,GO:0032787,GO:0032870,GO:0036211,GO:0038023,GO:0042044,GO:0042221,GO:0042592,GO:0042752,GO:0042802,GO:0042803,GO:0043170,GO:0043226,GO:0043227,GO:0043229,GO:0043231,GO:0043233,GO:0043288,GO:0043412,GO:0043436,GO:0043565,GO:0044237,GO:0044238,GO:0044255,GO:0044260,GO:0044267,GO:0044281,GO:0044422,GO:0044424,GO:0044428,GO:0044444,GO:0044446,GO:0044451,GO:0044464,GO:0045892,GO:0045934,GO:0046983,GO:0048511,GO:0048519,GO:0048523,GO:0048580,GO:0048583,GO:0048856,GO:0048878,GO:0050789,GO:0050793,GO:0050794,GO:0050801,GO:0050896,GO:0051171,GO:0051172,GO:0051179,GO:0051234,GO:0051239,GO:0051252,GO:0051253,GO:0051276,GO:0051480,GO:0051606,GO:0051716,GO:0055065,GO:0055074,GO:0055080,GO:0055082,GO:0060089,GO:0060255,GO:0065007,GO:0065008,GO:0070013,GO:0070887,GO:0071214,GO:0071229,GO:0071310,GO:0071395,GO:0071478,GO:0071482,GO:0071489,GO:0071490,GO:0071491,GO:0071495,GO:0071704,GO:0071840,GO:0072503,GO:0072507,GO:0080090,GO:0080134,GO:0090558,GO:0097159,GO:0098771,GO:0104004,GO:1900140,GO:1901363,GO:1901564,GO:1901615,GO:1901700,GO:1901701,GO:1902644,GO:1902679,GO:1903506,GO:1903507,GO:1990841,GO:2000026,GO:2000028,GO:2000112,GO:2000113,GO:2000241,GO:2001141	ko:K12121,ko:K12122	ko04712,map04712	K	COG4251@1|root,2QPNJ@2759|Eukaryota,388R9@33090|Viridiplantae,3GXE3@35493|Streptophyta	3218.PP1S91_116V6.2	0
3215.37694956959	-2.14842117434871	0.526499433432127	5.75353180175364e-06	8.12827384934019e-05	g2275	-	Transcription initiation factor	RST,TAF4	GO:0000428,GO:0001650,GO:0003674,GO:0003676,GO:0003677,GO:0003712,GO:0003713,GO:0005488,GO:0005515,GO:0005575,GO:0005622,GO:0005623,GO:0005634,GO:0005654,GO:0005667,GO:0005669,GO:0005730,GO:0005911,GO:0006139,GO:0006351,GO:0006352,GO:0006355,GO:0006357,GO:0006366,GO:0006367,GO:0006725,GO:0006807,GO:0008134,GO:0008150,GO:0008152,GO:0009058,GO:0009059,GO:0009506,GO:0009889,GO:0009891,GO:0009893,GO:0009966,GO:0009987,GO:0010467,GO:0010468,GO:0010556,GO:0010557,GO:0010604,GO:0010628,GO:0010646,GO:0016070,GO:0016591,GO:0018130,GO:0019219,GO:0019222,GO:0019438,GO:0023051,GO:0030054,GO:0030880,GO:0031323,GO:0031325,GO:0031326,GO:0031328,GO:0031974,GO:0031981,GO:0032774,GO:0032991,GO:0034641,GO:0034645,GO:0034654,GO:0043170,GO:0043226,GO:0043227,GO:0043228,GO:0043229,GO:0043231,GO:0043232,GO:0043233,GO:0044237,GO:0044238,GO:0044249,GO:0044260,GO:0044271,GO:0044422,GO:0044424,GO:0044428,GO:0044446,GO:0044451,GO:0044452,GO:0044464,GO:0044798,GO:0045893,GO:0045935,GO:0045944,GO:0046483,GO:0048518,GO:0048522,GO:0048583,GO:0050789,GO:0050794,GO:0051059,GO:0051171,GO:0051173,GO:0051252,GO:0051254,GO:0055029,GO:0055044,GO:0060255,GO:0061695,GO:0065007,GO:0070013,GO:0071704,GO:0080090,GO:0090304,GO:0090575,GO:0097159,GO:0097659,GO:0140110,GO:1901360,GO:1901362,GO:1901363,GO:1901576,GO:1901796,GO:1902494,GO:1902531,GO:1902680,GO:1903506,GO:1903508,GO:1990234,GO:2000112,GO:2001141	ko:K03129	ko03022,ko05016,ko05168,map03022,map05016,map05168	K	KOG2341@1|root,KOG2341@2759|Eukaryota,37HPP@33090|Viridiplantae,3GHFP@35493|Streptophyta	3218.PP1S190_89V6.1	2.42e-238
554.236880581124	-2.26540702836186	0.56119719327611	6.60941305655243e-06	9.24676137329326e-05	g2038	-	beta-galactosidase	BetaGal_dom4_5,Glyco_hydro_35	GO:0003674,GO:0003824,GO:0004553,GO:0004565,GO:0005575,GO:0005622,GO:0005623,GO:0005737,GO:0005773,GO:0015925,GO:0016787,GO:0016798,GO:0043226,GO:0043227,GO:0043229,GO:0043231,GO:0044424,GO:0044444,GO:0044464	ko:K12309	ko00052,ko00511,ko00531,ko00600,ko00604,ko01100,ko04142,map00052,map00511,map00531,map00600,map00604,map01100,map04142	G	COG1874@1|root,KOG0496@2759|Eukaryota,37IZP@33090|Viridiplantae,3G9KC@35493|Streptophyta	3218.PP1S149_266V6.1	0
1493.96896871427	-1.79219264721927	0.434129361350397	6.87432173984733e-06	9.52490156453846e-05	g614	-	IQ-domain	DUF4005,IQ	GO:0003674,GO:0005488,GO:0005515,GO:0005575,GO:0005622,GO:0005623,GO:0005634,GO:0005856,GO:0005874,GO:0008017,GO:0008092,GO:0015630,GO:0015631,GO:0043226,GO:0043227,GO:0043228,GO:0043229,GO:0043231,GO:0043232,GO:0044422,GO:0044424,GO:0044430,GO:0044446,GO:0044464,GO:0099080,GO:0099081,GO:0099512,GO:0099513	-	-	S	2CN72@1|root,2QUAG@2759|Eukaryota,37RSR@33090|Viridiplantae,3G90X@35493|Streptophyta	3218.PP1S60_111V6.2	2.96e-253
553.561441907612	-2.00179007824564	0.494814154430368	8.01083211906571e-06	0.000109939134129273	g600	-	Strictosidine synthase	Str_synth	-	ko:K21407	-	J	COG1185@1|root,KOG1520@2759|Eukaryota,37N40@33090|Viridiplantae,3GBZ8@35493|Streptophyta	3218.PP1S55_90V6.1	9.64e-222
177.781115636827	-1.92326601689278	0.473665574906108	8.23352636289775e-06	0.000111929353669204	g767										
1326.64194954917	-1.59753733163171	0.386912934880642	8.67978044200275e-06	0.000115810774230796	g1009	NAA16	NatA auxiliary	NARP1,TPR_2	-	ko:K20792	-	B	KOG1156@1|root,KOG1156@2759|Eukaryota,37MUC@33090|Viridiplantae,3GD4G@35493|Streptophyta	3218.PP1S201_47V6.1	0
3080.09730089379	-2.13127530469698	0.536011515950851	9.2759073660373e-06	0.000122629197380365	g470	-	Phosphatidylinositol transfer protein	DUF547,IP_trans	-	-	-	IT	COG5083@1|root,KOG3668@2759|Eukaryota,388S0@33090|Viridiplantae,3GXF7@35493|Streptophyta	3218.PP1S46_114V6.1	0
239.127570350312	-2.38412406715601	0.609182488455544	1.00102556314292e-05	0.000129952958242247	g342										
413.448136720724	-1.7468117991835	0.431322301327839	1.03707589757199e-05	0.00013343092575011	g298	-	Protein of unknown function, DUF547	DUF547,Lzipper-MIP1	-	-	-	S	28IMD@1|root,2QUZ4@2759|Eukaryota,37NIE@33090|Viridiplantae,3GEQ7@35493|Streptophyta	3218.PP1S1_567V6.1	0
19.134226704165	-7.86731128052146	3.12442094449873	1.24375132133292e-05	0.000158605810092101	g2319										
591.088505059835	-1.91437117344808	0.485341211964088	1.32611353869348e-05	0.00016616779210933	g11	-	UDP-glucose 4-epimerase	GDP_Man_Dehyd	-	ko:K01784	ko00052,ko00520,ko01100,map00052,map00520,map01100	M	COG1087@1|root,KOG1371@2759|Eukaryota,37HJT@33090|Viridiplantae,3GD5G@35493|Streptophyta	3218.PP1S133_100V6.1	5.89e-225
945.329420229055	-2.26661390700101	0.587673563817156	1.37972534648649e-05	0.000171395191748883	g2051	-	Glycosyltransferase-like protein	DUF604	-	-	-	G	KOG2246@1|root,KOG2246@2759|Eukaryota,37QNU@33090|Viridiplantae,3GBGY@35493|Streptophyta	3218.PP1S149_250V6.1	3.81e-240
419.151241399048	-1.78778062816483	0.452305040744768	1.43366102265355e-05	0.000175076740139302	g937	-	grf1-interacting factor	SSXT	GO:0003002,GO:0003674,GO:0003712,GO:0003713,GO:0007275,GO:0007389,GO:0008150,GO:0008283,GO:0009889,GO:0009891,GO:0009893,GO:0009955,GO:0010556,GO:0010557,GO:0010604,GO:0019219,GO:0019222,GO:0031323,GO:0031325,GO:0031326,GO:0031328,GO:0032501,GO:0032502,GO:0045935,GO:0048366,GO:0048367,GO:0048518,GO:0048522,GO:0048731,GO:0048827,GO:0048856,GO:0050789,GO:0050794,GO:0051171,GO:0051173,GO:0051252,GO:0051254,GO:0060255,GO:0065007,GO:0080090,GO:0099402,GO:0140110,GO:1902680,GO:1903506,GO:1903508,GO:2001141	-	-	K	KOG3227@1|root,KOG3227@2759|Eukaryota,37MVA@33090|Viridiplantae,3GCQQ@35493|Streptophyta	3218.PP1S158_124V6.4	2.46e-73
101.995448649845	-3.05232753220222	0.816415003403298	1.42860655949531e-05	0.000175076740139302	g1971	-	ABC transporter G family member	ABC2_membrane,ABC_tran	GO:0003674,GO:0003824,GO:0005215,GO:0005575,GO:0005623,GO:0005886,GO:0006810,GO:0008150,GO:0015399,GO:0015405,GO:0016020,GO:0016021,GO:0016462,GO:0016787,GO:0016817,GO:0016818,GO:0016887,GO:0017111,GO:0022804,GO:0022857,GO:0031224,GO:0042623,GO:0042626,GO:0043492,GO:0044425,GO:0044464,GO:0051179,GO:0051234,GO:0055085,GO:0071944	ko:K05681	ko01523,ko02010,ko04976,map01523,map02010,map04976	Q	COG1131@1|root,KOG0061@2759|Eukaryota,37JCC@33090|Viridiplantae,3G784@35493|Streptophyta	3218.PP1S306_80V6.1	0
149.282465942376	-2.01965151529196	0.51825667478469	1.47110938698625e-05	0.000177657157880488	g1512	-	-	-	-	-	-	-	2EU8Z@1|root,2SWFU@2759|Eukaryota	3218.PP1S141_42V6.1	9.87e-109
1334.75614550244	-1.51236450393322	0.378390561036169	1.66769903381869e-05	0.000198607794027498	g2028	-	Phosphate-induced protein 1 conserved region	Phi_1	GO:0005575,GO:0005618,GO:0005623,GO:0005911,GO:0008150,GO:0009505,GO:0009506,GO:0009628,GO:0030054,GO:0030312,GO:0044464,GO:0050896,GO:0055044,GO:0071944,GO:0080167	-	-	S	2CMDU@1|root,2QQ2C@2759|Eukaryota,37M2V@33090|Viridiplantae,3GBRM@35493|Streptophyta,4JEF7@91835|fabids	4006.Lus10031130	8.85e-56
1019.06439331885	-1.40359823194739	0.349828360392336	1.75480138129281e-05	0.000207267933642864	g1619	PNG1	Peptide-N(4)-(N-acetyl-beta- glucosaminyl)asparagine	Rad4,Transglut_core	GO:0000224,GO:0000302,GO:0001101,GO:0003674,GO:0003824,GO:0005575,GO:0005622,GO:0005623,GO:0005634,GO:0005737,GO:0005829,GO:0006464,GO:0006508,GO:0006515,GO:0006516,GO:0006517,GO:0006807,GO:0006950,GO:0006979,GO:0008150,GO:0008152,GO:0009056,GO:0009057,GO:0009100,GO:0009636,GO:0009719,GO:0009725,GO:0009751,GO:0009987,GO:0010033,GO:0010035,GO:0010188,GO:0010193,GO:0014070,GO:0016787,GO:0016810,GO:0016811,GO:0019538,GO:0030163,GO:0036211,GO:0042221,GO:0042493,GO:0043170,GO:0043226,GO:0043227,GO:0043229,GO:0043231,GO:0043412,GO:0044237,GO:0044238,GO:0044248,GO:0044257,GO:0044260,GO:0044265,GO:0044267,GO:0044424,GO:0044444,GO:0044464,GO:0046677,GO:0050896,GO:0051603,GO:0071704,GO:1901135,GO:1901136,GO:1901564,GO:1901565,GO:1901575,GO:1901700	ko:K01456	ko04141,map04141	O	KOG0909@1|root,KOG0909@2759|Eukaryota,37S7P@33090|Viridiplantae,3G906@35493|Streptophyta,4JNDZ@91835|fabids	981085.XP_010102304.1	2.65e-200
2672.91095561695	-1.50295495011107	0.38043814649742	1.96030450283761e-05	0.000227806353918468	g2126	-	oxygen-evolving enhancer protein	MSP	GO:0005575,GO:0005622,GO:0005623,GO:0005737,GO:0009507,GO:0009534,GO:0009535,GO:0009536,GO:0009579,GO:0016020,GO:0031976,GO:0031984,GO:0034357,GO:0042651,GO:0043226,GO:0043227,GO:0043229,GO:0043231,GO:0044422,GO:0044424,GO:0044434,GO:0044435,GO:0044436,GO:0044444,GO:0044446,GO:0044464,GO:0055035	ko:K02716	ko00195,ko01100,map00195,map01100	S	28JI2@1|root,2QRXA@2759|Eukaryota,37J6E@33090|Viridiplantae,3GEKV@35493|Streptophyta	3218.PP1S60_65V6.1	5.83e-185
2131.01589448916	-2.61555523334646	0.708270910283135	2.00353582664174e-05	0.000230967610095259	g2018	-	Belongs to the globin family	Globin	GO:0001666,GO:0003674,GO:0005488,GO:0005575,GO:0005618,GO:0005622,GO:0005623,GO:0005737,GO:0005829,GO:0005886,GO:0005911,GO:0006950,GO:0008144,GO:0008150,GO:0009506,GO:0009628,GO:0016020,GO:0019825,GO:0030054,GO:0030312,GO:0036094,GO:0036293,GO:0044424,GO:0044444,GO:0044464,GO:0050896,GO:0055044,GO:0070482,GO:0071944	ko:K21894	-	C	KOG3378@1|root,KOG3378@2759|Eukaryota,37U7M@33090|Viridiplantae,3GI1C@35493|Streptophyta	3218.PP1S660_1V6.1	4.08e-66
656.897591053001	-2.2188187853952	0.590894005009055	2.13704646143498e-05	0.000242479051254158	g212	-	MYB family transcription factor	Myb_CC_LHEQLE,Myb_DNA-binding	GO:0003674,GO:0003700,GO:0005575,GO:0005622,GO:0005623,GO:0005634,GO:0006355,GO:0008150,GO:0009888,GO:0009889,GO:0009891,GO:0009893,GO:0010087,GO:0010088,GO:0010089,GO:0010468,GO:0010556,GO:0010557,GO:0010604,GO:0010628,GO:0019219,GO:0019222,GO:0031323,GO:0031325,GO:0031326,GO:0031328,GO:0032502,GO:0043226,GO:0043227,GO:0043229,GO:0043231,GO:0044424,GO:0044464,GO:0045893,GO:0045935,GO:0048518,GO:0048522,GO:0048856,GO:0050789,GO:0050794,GO:0051171,GO:0051173,GO:0051252,GO:0051254,GO:0060255,GO:0065007,GO:0080090,GO:0140110,GO:1902680,GO:1903506,GO:1903508,GO:2000112,GO:2001141	-	-	K	28KG7@1|root,2QU84@2759|Eukaryota,37RJF@33090|Viridiplantae,3GBVR@35493|Streptophyta	3218.PP1S143_30V6.1	1.12e-83
204.885293298141	-1.92604686658665	0.5090068919815	2.52561172498204e-05	0.00028212453455032	g1377										
4738.37573029921	-1.72388122738443	0.455383120095894	2.59313188964062e-05	0.000287438696382472	g2239	Lhcb2-1	The light-harvesting complex (LHC) functions as a light receptor, it captures and delivers excitation energy to photosystems with which it is closely associated	Chloroa_b-bind	GO:0001101,GO:0003674,GO:0005488,GO:0005515,GO:0005575,GO:0005622,GO:0005623,GO:0005737,GO:0005773,GO:0005774,GO:0006091,GO:0006950,GO:0008150,GO:0008152,GO:0009266,GO:0009269,GO:0009314,GO:0009409,GO:0009414,GO:0009415,GO:0009416,GO:0009503,GO:0009507,GO:0009517,GO:0009521,GO:0009522,GO:0009523,GO:0009526,GO:0009532,GO:0009534,GO:0009535,GO:0009536,GO:0009570,GO:0009579,GO:0009628,GO:0009637,GO:0009639,GO:0009642,GO:0009644,GO:0009645,GO:0009719,GO:0009725,GO:0009737,GO:0009765,GO:0009768,GO:0009769,GO:0009889,GO:0009891,GO:0009893,GO:0009941,GO:0009987,GO:0010033,GO:0010035,GO:0010114,GO:0010119,GO:0010218,GO:0010287,GO:0015979,GO:0016020,GO:0016168,GO:0019222,GO:0019684,GO:0019904,GO:0030076,GO:0030104,GO:0031090,GO:0031323,GO:0031325,GO:0031409,GO:0031967,GO:0031975,GO:0031976,GO:0031984,GO:0032870,GO:0032991,GO:0033993,GO:0034357,GO:0042221,GO:0042592,GO:0042651,GO:0043167,GO:0043168,GO:0043226,GO:0043227,GO:0043229,GO:0043231,GO:0044237,GO:0044422,GO:0044424,GO:0044425,GO:0044434,GO:0044435,GO:0044436,GO:0044437,GO:0044444,GO:0044446,GO:0044464,GO:0046906,GO:0048037,GO:0048518,GO:0048522,GO:0048878,GO:0050789,GO:0050794,GO:0050896,GO:0051716,GO:0055035,GO:0065007,GO:0065008,GO:0070887,GO:0071215,GO:0071229,GO:0071310,GO:0071396,GO:0071495,GO:0090333,GO:0097159,GO:0097305,GO:0097306,GO:0098588,GO:0098796,GO:0098805,GO:0098807,GO:1901363,GO:1901700,GO:1901701,GO:1903426,GO:1903428,GO:2000377,GO:2000379	ko:K08912,ko:K08913	ko00196,ko01100,map00196,map01100	C	2CMAT@1|root,2QPU1@2759|Eukaryota,37HF1@33090|Viridiplantae,3GBSG@35493|Streptophyta	3218.PP1S51_305V6.1	2.06e-188
1313.74171760768	-1.24974024656288	0.322828376108753	3.80812469433518e-05	0.000403493212098308	g1978	-	Belongs to the protein kinase superfamily. Ser Thr protein kinase family	LRRNT_2,LRR_8,Pkinase	GO:0003674,GO:0003824,GO:0004672,GO:0004674,GO:0004675,GO:0004888,GO:0005575,GO:0005623,GO:0005886,GO:0006464,GO:0006468,GO:0006793,GO:0006796,GO:0006807,GO:0007154,GO:0007165,GO:0007166,GO:0007167,GO:0007178,GO:0008150,GO:0008152,GO:0009987,GO:0016020,GO:0016301,GO:0016310,GO:0016740,GO:0016772,GO:0016773,GO:0019199,GO:0019538,GO:0023052,GO:0036211,GO:0038023,GO:0043170,GO:0043412,GO:0044237,GO:0044238,GO:0044260,GO:0044267,GO:0044464,GO:0050789,GO:0050794,GO:0050896,GO:0051716,GO:0060089,GO:0065007,GO:0071704,GO:0071944,GO:0140096,GO:1901564	ko:K13418	-	T	2CMQQ@1|root,2QRFU@2759|Eukaryota,37SEE@33090|Viridiplantae,3GXC8@35493|Streptophyta	3218.PP1S490_4V6.1	0
340.517570779807	-1.89073293714095	0.515729340243463	4.01553064844781e-05	0.000421618230764506	g375	-	-	-	-	-	-	-	2A3IX@1|root,2RY5E@2759|Eukaryota,37TR7@33090|Viridiplantae,3GI38@35493|Streptophyta	3218.PP1S190_63V6.3	1.62e-83
702.652308703503	-1.53543770003498	0.411655632935138	4.63808813450845e-05	0.000480826259124221	g1924	-	transcription factor	Myb_DNA-binding	GO:0000981,GO:0000988,GO:0000989,GO:0001067,GO:0001076,GO:0001134,GO:0001135,GO:0003674,GO:0003676,GO:0003677,GO:0003700,GO:0005488,GO:0005575,GO:0005622,GO:0005623,GO:0005634,GO:0006355,GO:0006357,GO:0008150,GO:0009653,GO:0009889,GO:0009987,GO:0010199,GO:0010468,GO:0010556,GO:0019219,GO:0019222,GO:0030154,GO:0031323,GO:0031326,GO:0032502,GO:0043226,GO:0043227,GO:0043229,GO:0043231,GO:0043565,GO:0044212,GO:0044424,GO:0044464,GO:0048646,GO:0048856,GO:0048859,GO:0048869,GO:0050789,GO:0050794,GO:0051171,GO:0051252,GO:0060255,GO:0065007,GO:0080090,GO:0090691,GO:0097159,GO:0140110,GO:1901363,GO:1903506,GO:2000112,GO:2001141	ko:K09422	-	K	COG5147@1|root,KOG0048@2759|Eukaryota,37QAV@33090|Viridiplantae,3GDGV@35493|Streptophyta	3218.PP1S76_66V6.1	2.01e-87
249.451307361617	-2.75898214418543	0.812214902945025	5.45269102088765e-05	0.00054946347979714	g745										
4066.26294911217	-1.62320093619138	0.444976544205719	5.56177879383687e-05	0.000553036794886528	g962	LPR1	Multicopper oxidase	Cu-oxidase,Cu-oxidase_2,Cu-oxidase_3	GO:0003674,GO:0003824,GO:0005575,GO:0005618,GO:0005622,GO:0005623,GO:0005737,GO:0005783,GO:0005794,GO:0005829,GO:0006950,GO:0007154,GO:0008150,GO:0008152,GO:0009267,GO:0009605,GO:0009628,GO:0009888,GO:0009987,GO:0009991,GO:0010073,GO:0012505,GO:0016020,GO:0016036,GO:0016491,GO:0016679,GO:0016682,GO:0016722,GO:0030312,GO:0031667,GO:0031668,GO:0031669,GO:0032501,GO:0032502,GO:0033554,GO:0042594,GO:0043226,GO:0043227,GO:0043229,GO:0043231,GO:0044424,GO:0044444,GO:0044464,GO:0048507,GO:0048856,GO:0050896,GO:0051716,GO:0052716,GO:0055114,GO:0071496,GO:0071944,GO:0080167	-	-	Q	COG2132@1|root,2QR4X@2759|Eukaryota,37N45@33090|Viridiplantae,3GBPZ@35493|Streptophyta	3218.PP1S523_12V6.1	3.04e-252
153.202168252369	-2.77102023055196	0.821413467683827	5.78769861385405e-05	0.000567351952555352	g599	-	Paired amphipathic helix protein Sin3-like	PAH,Sin3_corepress,Sin3a_C	GO:0000118,GO:0000122,GO:0000785,GO:0001101,GO:0005575,GO:0005622,GO:0005623,GO:0005634,GO:0005654,GO:0005694,GO:0006325,GO:0006355,GO:0006357,GO:0006464,GO:0006476,GO:0006807,GO:0006996,GO:0008150,GO:0008152,GO:0009719,GO:0009725,GO:0009737,GO:0009889,GO:0009890,GO:0009892,GO:0009987,GO:0010033,GO:0010468,GO:0010556,GO:0010558,GO:0010605,GO:0010629,GO:0016043,GO:0016569,GO:0016570,GO:0016575,GO:0019219,GO:0019222,GO:0019538,GO:0031323,GO:0031324,GO:0031326,GO:0031327,GO:0031974,GO:0031981,GO:0032991,GO:0033993,GO:0035601,GO:0036211,GO:0042221,GO:0043170,GO:0043226,GO:0043227,GO:0043228,GO:0043229,GO:0043231,GO:0043232,GO:0043233,GO:0043412,GO:0044237,GO:0044238,GO:0044260,GO:0044267,GO:0044422,GO:0044424,GO:0044427,GO:0044428,GO:0044446,GO:0044451,GO:0044464,GO:0045892,GO:0045934,GO:0048519,GO:0048523,GO:0050789,GO:0050794,GO:0050896,GO:0051171,GO:0051172,GO:0051252,GO:0051253,GO:0051276,GO:0060255,GO:0065007,GO:0070013,GO:0071704,GO:0071840,GO:0080090,GO:0097305,GO:0098732,GO:1901564,GO:1901700,GO:1902494,GO:1902679,GO:1903506,GO:1903507,GO:2000112,GO:2000113,GO:2001141	ko:K11644	ko04139,ko04919,ko05016,ko05202,map04139,map04919,map05016,map05202	B	COG5602@1|root,KOG4204@2759|Eukaryota,37NWC@33090|Viridiplantae,3G9Z6@35493|Streptophyta	88036.EFJ23097	8.82e-10
1597.60362044266	-1.50360836156946	0.41214663239406	6.63713515209017e-05	0.000637607450277462	g1027	-	Pentatricopeptide repeat-containing protein	Cyclin_C,PPR,PPR_2,PPR_3	-	ko:K17710	-	G	KOG4197@1|root,KOG4197@2759|Eukaryota,37HN8@33090|Viridiplantae,3GG0D@35493|Streptophyta	3218.PP1S188_46V6.1	2.13e-194
14640.1411765134	-1.52609821086685	0.426086305854954	7.36009202653695e-05	0.000688694325340243	g718	-	-	-	-	-	-	-	2EWI7@1|root,2SYBS@2759|Eukaryota,382G5@33090|Viridiplantae,3GRXW@35493|Streptophyta	3218.PP1S391_63V6.1	3.29e-113
831.472138999269	-1.94809200064954	0.568234585530765	9.11585009491732e-05	0.000831388606757965	g1661	-	Removes the phosphate from trehalose 6-phosphate to produce free trehalose	Trehalose_PPase	GO:0003674,GO:0003824,GO:0004805,GO:0005575,GO:0005576,GO:0005618,GO:0005622,GO:0005623,GO:0005634,GO:0005730,GO:0005737,GO:0005829,GO:0005886,GO:0005975,GO:0005984,GO:0005991,GO:0005992,GO:0006793,GO:0006796,GO:0008150,GO:0008152,GO:0009058,GO:0009311,GO:0009312,GO:0009507,GO:0009536,GO:0009987,GO:0010035,GO:0010038,GO:0016020,GO:0016051,GO:0016311,GO:0016787,GO:0016788,GO:0016791,GO:0019203,GO:0022603,GO:0030312,GO:0031974,GO:0031981,GO:0034637,GO:0042221,GO:0042578,GO:0043226,GO:0043227,GO:0043228,GO:0043229,GO:0043231,GO:0043232,GO:0043233,GO:0044237,GO:0044238,GO:0044249,GO:0044262,GO:0044422,GO:0044424,GO:0044428,GO:0044444,GO:0044446,GO:0044464,GO:0046351,GO:0046686,GO:0048831,GO:0050789,GO:0050793,GO:0050896,GO:0051239,GO:0060688,GO:0065007,GO:0070013,GO:0071704,GO:0071944,GO:1900618,GO:1901576,GO:1905428,GO:2000026,GO:2000032	ko:K01087	ko00500,ko01100,map00500,map01100	G	COG1877@1|root,KOG1050@2759|Eukaryota,37JPC@33090|Viridiplantae,3GB9D@35493|Streptophyta	3218.PP1S47_110V6.1	3.21e-244
549.278157819666	-1.59069944462214	0.45103440685385	9.19263095079344e-05	0.00083311831447128	g2150	-	Putative tRNA binding domain	tRNA_bind	-	-	-	S	2D3XM@1|root,2ST4W@2759|Eukaryota	3218.PP1S347_23V6.1	2.4e-124
97.7405739611154	-2.17984558408978	0.647397627167223	9.74049570970314e-05	0.000861107626851671	g2259										
1699.1867488354	-1.23476673978708	0.340081437212875	9.93114649801497e-05	0.000872608664856071	g2264	-	Uncharacterised ACR, YagE family COG1723	DUF155	-	-	-	S	COG1723@1|root,KOG2861@2759|Eukaryota,37J73@33090|Viridiplantae,3G7W0@35493|Streptophyta	3218.PP1S48_160V6.1	4.21e-249
445.83191334668	-1.5062074260181	0.426079207159673	0.000101149409275341	0.000883371507671311	g1202	-	Agamous-like MADS-box protein	K-box,SRF-TF	GO:0000003,GO:0003006,GO:0003674,GO:0003676,GO:0003677,GO:0003700,GO:0003824,GO:0004601,GO:0005488,GO:0005515,GO:0005575,GO:0005622,GO:0005623,GO:0005634,GO:0005737,GO:0006082,GO:0006355,GO:0006629,GO:0006720,GO:0006721,GO:0007275,GO:0008150,GO:0008152,GO:0008300,GO:0009056,GO:0009636,GO:0009685,GO:0009719,GO:0009725,GO:0009733,GO:0009790,GO:0009791,GO:0009793,GO:0009838,GO:0009889,GO:0009890,GO:0009891,GO:0009892,GO:0009893,GO:0009900,GO:0009908,GO:0009909,GO:0009910,GO:0009987,GO:0010033,GO:0010047,GO:0010154,GO:0010227,GO:0010262,GO:0010468,GO:0010556,GO:0010557,GO:0010558,GO:0010604,GO:0010605,GO:0010628,GO:0010629,GO:0010817,GO:0016042,GO:0016054,GO:0016101,GO:0016103,GO:0016115,GO:0016209,GO:0016491,GO:0016684,GO:0019219,GO:0019222,GO:0019752,GO:0022414,GO:0031323,GO:0031324,GO:0031325,GO:0031326,GO:0031327,GO:0031328,GO:0032501,GO:0032502,GO:0032504,GO:0032870,GO:0042221,GO:0042445,GO:0042447,GO:0042802,GO:0042803,GO:0043226,GO:0043227,GO:0043229,GO:0043231,GO:0043436,GO:0043565,GO:0044237,GO:0044238,GO:0044242,GO:0044248,GO:0044255,GO:0044281,GO:0044282,GO:0044424,GO:0044464,GO:0045487,GO:0045892,GO:0045893,GO:0045934,GO:0045935,GO:0046395,GO:0046983,GO:0048316,GO:0048367,GO:0048437,GO:0048518,GO:0048519,GO:0048522,GO:0048523,GO:0048577,GO:0048580,GO:0048581,GO:0048583,GO:0048585,GO:0048587,GO:0048608,GO:0048609,GO:0048731,GO:0048831,GO:0048856,GO:0050789,GO:0050793,GO:0050794,GO:0050896,GO:0051093,GO:0051171,GO:0051172,GO:0051173,GO:0051239,GO:0051241,GO:0051252,GO:0051253,GO:0051254,GO:0051716,GO:0055114,GO:0060255,GO:0060860,GO:0060862,GO:0060867,GO:0061458,GO:0065007,GO:0065008,GO:0070887,GO:0071310,GO:0071365,GO:0071495,GO:0071704,GO:0080050,GO:0080090,GO:0090567,GO:0097159,GO:0097237,GO:0098754,GO:0098869,GO:0099402,GO:0140110,GO:1901363,GO:1901575,GO:1902679,GO:1902680,GO:1903506,GO:1903507,GO:1903508,GO:1990748,GO:2000026,GO:2000028,GO:2000034,GO:2000112,GO:2000113,GO:2000241,GO:2000242,GO:2000692,GO:2001141	ko:K09260,ko:K09264	ko04013,ko04022,ko04371,ko05418,map04013,map04022,map04371,map05418	K	COG5068@1|root,KOG0014@2759|Eukaryota,37N8X@33090|Viridiplantae,3GGS2@35493|Streptophyta	3218.PP1S118_209V6.1	7.66e-137
483.732516369065	-1.57598853072927	0.452576752204331	0.000112023367266163	0.000955181492488409	g1328	-	poly(A)-specific ribonuclease	CAF1	-	ko:K01148	ko03018,map03018	L	KOG1990@1|root,KOG1990@2759|Eukaryota,37NQS@33090|Viridiplantae,3G98T@35493|Streptophyta	3218.PP1S55_48V6.1	6.34e-308
194.833109009837	-2.51727711195642	0.78251487764654	0.000119560301653944	0.00100752277592593	g2219	MLO14	May be involved in modulation of pathogen defense and leaf cell death	Mlo	GO:0005575,GO:0005623,GO:0005886,GO:0006950,GO:0006952,GO:0008150,GO:0016020,GO:0044464,GO:0050896,GO:0071944	ko:K08472	-	G	COG2801@1|root,KOG0017@2759|Eukaryota,37MKB@33090|Viridiplantae,3GD24@35493|Streptophyta	3218.PP1S60_220V6.1	1.79e-257
477.661642862181	-1.75522430646918	0.51553408207943	0.000119194793718598	0.00100752277592593	g2278	-	B-box zinc finger	zf-B_box	-	ko:K10608	ko04120,map04120	O	KOG2177@1|root,KOG2177@2759|Eukaryota,37XYW@33090|Viridiplantae,3GMGN@35493|Streptophyta	3218.PP1S5_88V6.1	0
1123.90738778061	-1.45593996548655	0.416298604230052	0.000123656027517326	0.00103432838063561	g521	-	Regulatory subunit of the condensin complex, a complex required for conversion of interphase chromatin into mitotic-like condense chromosomes. The condensin complex probably introduces positive supercoils into relaxed DNA in the presence of type I topoisomerases and converts nicked DNA into positive knotted forms in the presence of type II topoisomerases	Cnd1,Cnd1_N,Cohesin_HEAT	GO:0005575,GO:0005622,GO:0005623,GO:0005737,GO:0005829,GO:0044424,GO:0044444,GO:0044464	ko:K06677	ko04111,map04111	BD	COG5098@1|root,KOG0414@2759|Eukaryota,37PDB@33090|Viridiplantae,3GEZK@35493|Streptophyta	3218.PP1S198_18V6.1	0
5249.1961805383	-1.97874595296225	0.60369057978697	0.000133580154004616	0.00110625863172788	g834	-	non-specific phospholipase	Phosphoesterase	GO:0003674,GO:0003824,GO:0003993,GO:0004620,GO:0004629,GO:0006629,GO:0006644,GO:0006793,GO:0006796,GO:0008081,GO:0008150,GO:0008152,GO:0009056,GO:0009395,GO:0009405,GO:0009987,GO:0016042,GO:0016298,GO:0016311,GO:0016787,GO:0016788,GO:0016791,GO:0019637,GO:0034480,GO:0035821,GO:0042578,GO:0044003,GO:0044237,GO:0044238,GO:0044242,GO:0044248,GO:0044255,GO:0044403,GO:0044419,GO:0046434,GO:0051701,GO:0051704,GO:0051817,GO:0052008,GO:0052043,GO:0052111,GO:0052185,GO:0052188,GO:0052368,GO:0071704,GO:1901575	ko:K01114	ko00562,ko00564,ko00565,ko01100,ko01110,ko02024,ko04919,map00562,map00564,map00565,map01100,map01110,map02024,map04919	M	COG3511@1|root,2QPJ0@2759|Eukaryota,37HUZ@33090|Viridiplantae,3GH2N@35493|Streptophyta	3218.PP1S227_20V6.1	0
247.29024902198	-2.48084322212883	0.782575807416621	0.000138345261603127	0.001113717999833	g789	-	pectinesterase	Pectinesterase	-	ko:K01051	ko00040,ko01100,map00040,map01100	G	COG4677@1|root,2QQMT@2759|Eukaryota,37N2J@33090|Viridiplantae,3GC93@35493|Streptophyta	3218.PP1S446_3V6.1	2.2e-178
605.310635667583	-1.43546251632059	0.412436630644921	0.000137104113013481	0.001113717999833	g992	-	Belongs to the peptidase A1 family	TAXi_C,TAXi_N	GO:0003674,GO:0003824,GO:0004175,GO:0004190,GO:0005575,GO:0005618,GO:0005623,GO:0006508,GO:0006807,GO:0008150,GO:0008152,GO:0008233,GO:0009056,GO:0009057,GO:0009505,GO:0009628,GO:0016020,GO:0016787,GO:0019538,GO:0030163,GO:0030312,GO:0043170,GO:0044238,GO:0044464,GO:0050896,GO:0070001,GO:0070011,GO:0071704,GO:0071944,GO:0080167,GO:0140096,GO:1901564,GO:1901565,GO:1901575	ko:K01379,ko:K01382	ko04071,ko04140,ko04142,ko04210,ko04915,ko05152,map04071,map04140,map04142,map04210,map04915,map05152	O	KOG1339@1|root,KOG1339@2759|Eukaryota,37K0Y@33090|Viridiplantae,3GB91@35493|Streptophyta	3641.EOX95693	1.54e-112
216.968522994088	-1.6003900427689	0.469789068709937	0.000145622331843003	0.0011657876676987	g468										
562.590705244089	-1.36950010020749	0.394309336539793	0.000151938662056128	0.00120298687924659	g649	-	UDP-N-acetylglucosamine	UDPGP	GO:0000003,GO:0003006,GO:0003674,GO:0003824,GO:0003977,GO:0003983,GO:0005575,GO:0005622,GO:0005623,GO:0005737,GO:0005829,GO:0005886,GO:0006011,GO:0006040,GO:0006047,GO:0006048,GO:0006139,GO:0006725,GO:0006793,GO:0006807,GO:0007275,GO:0008150,GO:0008152,GO:0009058,GO:0009225,GO:0009226,GO:0009553,GO:0009555,GO:0009790,GO:0009791,GO:0009793,GO:0009987,GO:0010154,GO:0016020,GO:0016740,GO:0016772,GO:0016779,GO:0018130,GO:0019276,GO:0019438,GO:0022414,GO:0032501,GO:0032502,GO:0034641,GO:0034654,GO:0044237,GO:0044238,GO:0044249,GO:0044271,GO:0044281,GO:0044424,GO:0044444,GO:0044464,GO:0046349,GO:0046483,GO:0048229,GO:0048316,GO:0048608,GO:0048731,GO:0048856,GO:0051748,GO:0052630,GO:0055086,GO:0061458,GO:0070569,GO:0071704,GO:0071944,GO:1901135,GO:1901137,GO:1901360,GO:1901362,GO:1901576	ko:K00972	ko00520,ko01100,ko01130,map00520,map01100,map01130	M	COG4284@1|root,KOG2388@2759|Eukaryota,37PUN@33090|Viridiplantae,3GX45@35493|Streptophyta	3218.PP1S13_205V6.1	1.83e-303
943.643570218445	-1.19016762711963	0.336948337593703	0.000154360285614652	0.00121548181186183	g1856	-	CHD5-like protein	CHD5	-	ko:K22384	-	S	2AHAJ@1|root,2RZ1V@2759|Eukaryota,37UQP@33090|Viridiplantae	3218.PP1S42_52V6.1	9.38e-79
2325.02701102226	-1.74128066381054	0.522191913196927	0.000157287409253493	0.00123179976486024	g852	-	Alkaline neutral invertase	Glyco_hydro_100	-	-	-	S	2CMA4@1|root,2QPS0@2759|Eukaryota,37M9N@33090|Viridiplantae,3G75A@35493|Streptophyta	3218.PP1S227_41V6.1	0
36.4289283126294	-2.23726979288364	0.698296347791642	0.000169668381699383	0.00131447386036995	g1374										
918.506308422998	-1.85029437369952	0.564751312513954	0.000171583355393272	0.00132220115038345	g383	-	Belongs to the protein kinase superfamily. Ser Thr protein kinase family	LRRNT_2,LRR_1,LRR_8,Pkinase	GO:0000003,GO:0000902,GO:0003006,GO:0003674,GO:0003824,GO:0005575,GO:0005623,GO:0005886,GO:0006793,GO:0006796,GO:0007275,GO:0008150,GO:0008152,GO:0009058,GO:0009653,GO:0009664,GO:0009791,GO:0009826,GO:0009987,GO:0010154,GO:0010191,GO:0010192,GO:0010214,GO:0016020,GO:0016043,GO:0016049,GO:0016301,GO:0016310,GO:0016740,GO:0016772,GO:0022414,GO:0032501,GO:0032502,GO:0032989,GO:0040007,GO:0044237,GO:0044249,GO:0044464,GO:0045229,GO:0048316,GO:0048354,GO:0048359,GO:0048589,GO:0048608,GO:0048731,GO:0048856,GO:0048869,GO:0060560,GO:0061458,GO:0071554,GO:0071555,GO:0071669,GO:0071840,GO:0071944	-	-	T	COG0515@1|root,2QQCK@2759|Eukaryota,37ITZ@33090|Viridiplantae,3G7HN@35493|Streptophyta	3218.PP1S496_13V6.1	1.19e-222
942.763056986717	-1.31231613580029	0.379127812912155	0.000172852882375515	0.00132489895480381	g1905	-	Belongs to the protein kinase superfamily. Ser Thr protein kinase family	LRRNT_2,LRR_1,LRR_8,Pkinase	GO:0000003,GO:0000902,GO:0003006,GO:0003674,GO:0003824,GO:0005575,GO:0005623,GO:0005886,GO:0006793,GO:0006796,GO:0007275,GO:0008150,GO:0008152,GO:0009058,GO:0009653,GO:0009664,GO:0009791,GO:0009826,GO:0009987,GO:0010154,GO:0010191,GO:0010192,GO:0010214,GO:0016020,GO:0016043,GO:0016049,GO:0016301,GO:0016310,GO:0016740,GO:0016772,GO:0022414,GO:0032501,GO:0032502,GO:0032989,GO:0040007,GO:0044237,GO:0044249,GO:0044464,GO:0045229,GO:0048316,GO:0048354,GO:0048359,GO:0048589,GO:0048608,GO:0048731,GO:0048856,GO:0048869,GO:0060560,GO:0061458,GO:0071554,GO:0071555,GO:0071669,GO:0071840,GO:0071944	-	-	T	COG0515@1|root,2QQCK@2759|Eukaryota,37ITZ@33090|Viridiplantae,3G7HN@35493|Streptophyta	3218.PP1S201_135V6.1	3.55e-302
704.708373011617	-1.8059219208923	0.553320682909783	0.000184899576758449	0.00140526035828003	g392	-	Plant protein of unknown function (DUF641)	DUF641	-	-	-	S	28J55@1|root,2QQ2P@2759|Eukaryota,37QX6@33090|Viridiplantae,3G95C@35493|Streptophyta	3218.PP1S296_28V6.3	1.46e-88
26.4774016590746	-2.89322182878196	0.973598130728806	0.000192702198854696	0.00143877652098247	g2288										
288.411392818085	-1.8836572748139	0.593368538273592	0.000230469600459168	0.0017031112526239	g1373	-	Acylamino-acid-releasing	PD40,Peptidase_S9	GO:0003674,GO:0003824,GO:0004177,GO:0005575,GO:0005622,GO:0005623,GO:0005634,GO:0005737,GO:0005773,GO:0006508,GO:0006807,GO:0008150,GO:0008152,GO:0008233,GO:0008236,GO:0008238,GO:0009507,GO:0009536,GO:0009987,GO:0016043,GO:0016787,GO:0017171,GO:0019538,GO:0022607,GO:0043170,GO:0043226,GO:0043227,GO:0043229,GO:0043231,GO:0043933,GO:0044085,GO:0044238,GO:0044424,GO:0044444,GO:0044464,GO:0051259,GO:0051260,GO:0051262,GO:0051289,GO:0065003,GO:0070008,GO:0070009,GO:0070011,GO:0071704,GO:0071840,GO:0140096,GO:1901564	ko:K01303	-	O	COG1506@1|root,KOG2100@2759|Eukaryota,37JZM@33090|Viridiplantae,3G7SX@35493|Streptophyta	3218.PP1S97_68V6.1	0
365.453737527594	-1.91484607705663	0.609030983136177	0.000252320998250401	0.00183633615393347	g1023	-	-	-	-	-	-	-	28ME4@1|root,2QTXK@2759|Eukaryota,37PCD@33090|Viridiplantae,3G8HQ@35493|Streptophyta,3KTJZ@4447|Liliopsida	42345.XP_008810898.1	2.44e-05
3096.18033537436	-2.16579712669093	0.710621942340186	0.000255794418706115	0.00185226008721363	g1379										
10861.1983172401	-1.70008372137362	0.535763806702293	0.00026124362919219	0.00188226034832973	g702	-	Transaldolase	TAL_FSA	-	ko:K00616	ko00030,ko01100,ko01110,ko01120,ko01130,ko01200,ko01230,map00030,map01100,map01110,map01120,map01130,map01200,map01230	G	COG0176@1|root,KOG2772@2759|Eukaryota,37S59@33090|Viridiplantae,3GE0Z@35493|Streptophyta	3218.PP1S159_68V6.3	2.1e-277
6428.28062841087	-1.18432491564225	0.351216125337476	0.000280792230769257	0.00199320987457389	g2144	-	LrgB-like family	LrgB	-	-	-	M	COG1346@1|root,2QQ63@2759|Eukaryota,37Z8J@33090|Viridiplantae,3GNYH@35493|Streptophyta	3218.PP1S143_131V6.4	4.55e-278
3564.20954289579	-1.11439364485256	0.330491480680694	0.000303614504050405	0.00214464951145409	g1242	-	B3 domain-containing transcription factor	-	-	-	-	K	2BVTC@1|root,2QWRF@2759|Eukaryota,37QHS@33090|Viridiplantae,3G9XN@35493|Streptophyta	3218.PP1S143_82V6.1	1.5e-226
530.477693154007	-1.72324818166786	0.548152589375547	0.000307371799232712	0.00216059884241141	g2117	-	DNA-binding domain in plant proteins such as APETALA2 and EREBPs	AP2	GO:0001101,GO:0003674,GO:0003700,GO:0006355,GO:0006950,GO:0006952,GO:0006970,GO:0008150,GO:0009605,GO:0009607,GO:0009620,GO:0009628,GO:0009719,GO:0009725,GO:0009737,GO:0009743,GO:0009746,GO:0009749,GO:0009787,GO:0009788,GO:0009889,GO:0009891,GO:0009893,GO:0009966,GO:0009968,GO:0010033,GO:0010468,GO:0010556,GO:0010557,GO:0010604,GO:0010628,GO:0010646,GO:0010648,GO:0019219,GO:0019222,GO:0023051,GO:0023057,GO:0031323,GO:0031325,GO:0031326,GO:0031328,GO:0033993,GO:0034284,GO:0040034,GO:0042221,GO:0043207,GO:0045893,GO:0045935,GO:0048506,GO:0048509,GO:0048510,GO:0048518,GO:0048519,GO:0048522,GO:0048523,GO:0048583,GO:0048585,GO:0050789,GO:0050793,GO:0050794,GO:0050832,GO:0050896,GO:0051171,GO:0051173,GO:0051252,GO:0051254,GO:0051704,GO:0051707,GO:0060255,GO:0065007,GO:0080090,GO:0097305,GO:0098542,GO:0140110,GO:1901419,GO:1901420,GO:1901700,GO:1902074,GO:1902680,GO:1903506,GO:1903508,GO:1905957,GO:1905958,GO:2000112,GO:2001141	-	-	K	28NI5@1|root,2QV3S@2759|Eukaryota,37PGQ@33090|Viridiplantae,3GGZB@35493|Streptophyta,3M6BQ@4447|Liliopsida,3II7C@38820|Poales	38727.Pavir.Cb02005.1.p	1.9e-19
2320.68821592629	-1.0783995019672	0.321407817631537	0.000339554614119123	0.0023637594151964	g2085	-	Belongs to the DOCK family	DHR-2,DOCK-C2	GO:0003674,GO:0005085,GO:0005088,GO:0005089,GO:0005488,GO:0005515,GO:0005575,GO:0005622,GO:0005623,GO:0005634,GO:0005737,GO:0005783,GO:0005829,GO:0005886,GO:0006810,GO:0008064,GO:0008150,GO:0008360,GO:0009605,GO:0009606,GO:0009628,GO:0009629,GO:0009630,GO:0009958,GO:0009966,GO:0009987,GO:0010646,GO:0010928,GO:0012505,GO:0016020,GO:0016043,GO:0016192,GO:0017016,GO:0017048,GO:0019898,GO:0019899,GO:0022603,GO:0022604,GO:0023051,GO:0030832,GO:0031267,GO:0032535,GO:0032956,GO:0032970,GO:0033043,GO:0043226,GO:0043227,GO:0043229,GO:0043231,GO:0044422,GO:0044424,GO:0044425,GO:0044432,GO:0044444,GO:0044446,GO:0044464,GO:0048583,GO:0050789,GO:0050793,GO:0050794,GO:0050896,GO:0051020,GO:0051128,GO:0051179,GO:0051234,GO:0051493,GO:0065007,GO:0065008,GO:0065009,GO:0070971,GO:0071840,GO:0071944,GO:0090066,GO:0098772,GO:0110053,GO:1902903	ko:K21852	-	T	KOG1997@1|root,KOG1997@2759|Eukaryota,37QIM@33090|Viridiplantae,3G8RK@35493|Streptophyta	3218.PP1S25_205V6.1	0
134.619622653315	-1.95127557698807	0.643488962477045	0.000352659828700566	0.00244318660171882	g1225										
363.044380322105	-1.39811271832868	0.435014761348962	0.000363934295979525	0.00250923119859567	g2089	5	BTB POZ domain-containing protein	BTB	GO:0000151,GO:0003674,GO:0005488,GO:0005515,GO:0005575,GO:0005622,GO:0005623,GO:0005737,GO:0006508,GO:0006511,GO:0006807,GO:0008150,GO:0008152,GO:0009056,GO:0009057,GO:0009987,GO:0010498,GO:0019005,GO:0019222,GO:0019538,GO:0019899,GO:0019941,GO:0030162,GO:0030163,GO:0031461,GO:0031625,GO:0032991,GO:0043161,GO:0043170,GO:0043632,GO:0044237,GO:0044238,GO:0044248,GO:0044257,GO:0044260,GO:0044265,GO:0044267,GO:0044389,GO:0044424,GO:0044464,GO:0050789,GO:0051171,GO:0051246,GO:0051603,GO:0060255,GO:0065007,GO:0071704,GO:0080090,GO:1901564,GO:1901565,GO:1901575,GO:1902494,GO:1990234	ko:K10523	ko04340,ko04341,map04340,map04341	D	KOG1987@1|root,KOG1987@2759|Eukaryota,37SR4@33090|Viridiplantae,3G754@35493|Streptophyta	3218.PP1S48_17V6.1	9.48e-11
1427.88621592749	-1.71171015981156	0.556152632862786	0.000376194280386083	0.0025814093239826	g2073	-	membrane protein At3g27390	-	-	-	-	S	28JSV@1|root,2QS6P@2759|Eukaryota,37P92@33090|Viridiplantae,3GEKI@35493|Streptophyta	3218.PP1S47_201V6.1	1.02e-284
1788.90894945671	-1.55253763916944	0.495564723086724	0.000390032341160946	0.00266368058584324	g1376	-	Protein ENHANCED DISEASE RESISTANCE 2-like	DUF1336	-	-	-	S	2CMS4@1|root,2QRMY@2759|Eukaryota,37JIE@33090|Viridiplantae,3G9B8@35493|Streptophyta	88036.EFJ19218	9.37e-117
87.5097679108535	-1.46932063175979	0.46520715163687	0.000410767081042149	0.00275210406571157	g1618										
1654.42738827323	-1.33882053843341	0.419479032320426	0.000412529131293338	0.00275210406571157	g1703	-	OTU domain-containing protein	OTU	-	ko:K18342	-	OT	COG5539@1|root,KOG2606@2759|Eukaryota,37QMZ@33090|Viridiplantae,3GCYB@35493|Streptophyta	3218.PP1S74_198V6.2	4.39e-205
210.835620809885	-1.60266462565896	0.518899178986992	0.000425909171975726	0.00281529870099551	g1428	-	LRR receptor-like serine threonine-protein kinase	LRR_1,LRR_4,LRR_6,LRR_8,Pkinase,Pkinase_Tyr	GO:0005575,GO:0005622,GO:0005623,GO:0005737,GO:0005773,GO:0005886,GO:0016020,GO:0043226,GO:0043227,GO:0043229,GO:0043231,GO:0044424,GO:0044444,GO:0044464,GO:0071944	-	-	T	COG4886@1|root,2QTEF@2759|Eukaryota,37HKV@33090|Viridiplantae,3GA5T@35493|Streptophyta	3218.PP1S110_66V6.1	1.24e-247
36.6426107591155	-2.90812948157432	1.05685077400971	0.000436665735572223	0.00287322066191586	g214										
1093.33594844245	-1.63618080850671	0.5381114273235	0.000474837821597668	0.00311018773146473	g1020	-	RING-type E3 ubiquitin transferase	U-box	GO:0001101,GO:0003674,GO:0003824,GO:0004842,GO:0005575,GO:0005622,GO:0005623,GO:0005737,GO:0005829,GO:0006464,GO:0006807,GO:0006950,GO:0008150,GO:0008152,GO:0009414,GO:0009415,GO:0009628,GO:0009987,GO:0010033,GO:0010035,GO:0010200,GO:0010243,GO:0016567,GO:0016740,GO:0019538,GO:0019787,GO:0032446,GO:0036211,GO:0042221,GO:0042493,GO:0043170,GO:0043412,GO:0044237,GO:0044238,GO:0044260,GO:0044267,GO:0044424,GO:0044444,GO:0044464,GO:0050896,GO:0051865,GO:0070647,GO:0071704,GO:0140096,GO:1901564,GO:1901698,GO:1901700	-	-	H	28IQ6@1|root,2QR1A@2759|Eukaryota,37NEC@33090|Viridiplantae,3G8RQ@35493|Streptophyta	3218.PP1S201_29V6.1	2.99e-150
754.44949951879	-1.38282781700724	0.441853892861688	0.000490471238815119	0.00319805002322437	g534	-	Ammonium transporter	Ammonium_transp	-	ko:K03320	-	P	COG0004@1|root,KOG0682@2759|Eukaryota,37HMQ@33090|Viridiplantae,3G76X@35493|Streptophyta,4JNNQ@91835|fabids	3760.EMJ13051	6.39e-270
26.9443047947373	-2.64957794817438	0.966189261875626	0.0004990609402486	0.00323940006710915	g1490										
3073.49608941939	-1.98726383362527	0.689136494389926	0.000512118534096891	0.00330925025844673	g1644	-	Protein ENHANCED DISEASE RESISTANCE	DUF1336,START	-	-	-	T	28KK0@1|root,2QT1F@2759|Eukaryota,37NB6@33090|Viridiplantae,3GEKZ@35493|Streptophyta	3218.PP1S91_96V6.1	0
3670.18926904979	-2.29808120900762	0.828247102245424	0.000523759889467273	0.0033693660746533	g129	-	Belongs to the chalcone stilbene synthases family	Chal_sti_synt_C,Chal_sti_synt_N	-	ko:K00660	ko00941,ko01100,ko01110,ko04712,map00941,map01100,map01110,map04712	H	COG3424@1|root,2QRSY@2759|Eukaryota,37MT6@33090|Viridiplantae,3G7AK@35493|Streptophyta	3218.PP1S25_362V6.1	9.74e-146
1327.31814466137	-1.65965478635917	0.555799927969017	0.000547085284685823	0.00347290702745494	g341	-	Belongs to the mitochondrial carrier (TC 2.A.29) family	Mito_carr	GO:0000295,GO:0003674,GO:0005215,GO:0005346,GO:0005575,GO:0005622,GO:0005623,GO:0005737,GO:0005739,GO:0005740,GO:0005743,GO:0006810,GO:0006811,GO:0006812,GO:0006820,GO:0006839,GO:0006855,GO:0006862,GO:0008150,GO:0008324,GO:0008509,GO:0008514,GO:0015075,GO:0015101,GO:0015215,GO:0015216,GO:0015217,GO:0015228,GO:0015238,GO:0015605,GO:0015695,GO:0015711,GO:0015748,GO:0015865,GO:0015866,GO:0015868,GO:0015880,GO:0015893,GO:0015931,GO:0015932,GO:0016020,GO:0016021,GO:0019866,GO:0022857,GO:0031090,GO:0031224,GO:0031966,GO:0031967,GO:0031975,GO:0034220,GO:0035349,GO:0042221,GO:0042493,GO:0043226,GO:0043227,GO:0043229,GO:0043231,GO:0044422,GO:0044424,GO:0044425,GO:0044429,GO:0044444,GO:0044446,GO:0044464,GO:0050896,GO:0051179,GO:0051181,GO:0051182,GO:0051184,GO:0051185,GO:0051234,GO:0051503,GO:0055085,GO:0071077,GO:0071106,GO:0071702,GO:0071705,GO:0072530,GO:0080121,GO:0080122,GO:0098655,GO:0098656,GO:1901264,GO:1901505,GO:1901679,GO:1990542,GO:1990559	ko:K15084	-	C	KOG0752@1|root,KOG0752@2759|Eukaryota,37I1W@33090|Viridiplantae,3G78X@35493|Streptophyta	3218.PP1S357_30V6.1	1.34e-208
76.6365346618995	-1.80583369119862	0.621663738649522	0.000590637420867793	0.00371663110685803	g134	-	methylesterase 11	Abhydrolase_1,Abhydrolase_6	GO:0003674,GO:0003824,GO:0016787	ko:K18635	-	S	28IZV@1|root,2QRBN@2759|Eukaryota,37Q1I@33090|Viridiplantae,3GD5S@35493|Streptophyta	3218.PP1S35_208V6.1	5.64e-198
847.258787499585	-1.23265684517425	0.399650635911475	0.000710939707060327	0.00437805178578603	g1631	-	-	AAA_23,Metallophos,Metallophos_2,SMC_N,SbcCD_C	-	-	-	-	28INY@1|root,2QQZZ@2759|Eukaryota,37SF3@33090|Viridiplantae	3218.PP1S13_437V6.2	0
179.57301186349	-1.63353875668759	0.56220909158187	0.000739571424494422	0.00450457906171352	g144	-	receptor-like serine threonine-protein kinase	LRRNT_2,LRR_1,LRR_8,Pkinase_Tyr	GO:0000003,GO:0003006,GO:0003674,GO:0003824,GO:0004672,GO:0004674,GO:0004675,GO:0004888,GO:0005575,GO:0005618,GO:0005623,GO:0005886,GO:0006464,GO:0006468,GO:0006793,GO:0006796,GO:0006807,GO:0007154,GO:0007165,GO:0007166,GO:0007167,GO:0007178,GO:0007275,GO:0007389,GO:0008150,GO:0008152,GO:0009505,GO:0009531,GO:0009553,GO:0009653,GO:0009790,GO:0009791,GO:0009793,GO:0009798,GO:0009888,GO:0009987,GO:0010154,GO:0010453,GO:0016020,GO:0016301,GO:0016310,GO:0016740,GO:0016772,GO:0016773,GO:0019199,GO:0019538,GO:0022414,GO:0022603,GO:0023052,GO:0030312,GO:0032501,GO:0032502,GO:0036211,GO:0038023,GO:0042659,GO:0043170,GO:0043412,GO:0044237,GO:0044238,GO:0044260,GO:0044267,GO:0044426,GO:0044462,GO:0044464,GO:0045595,GO:0048226,GO:0048229,GO:0048316,GO:0048608,GO:0048731,GO:0048856,GO:0050789,GO:0050793,GO:0050794,GO:0050896,GO:0051239,GO:0051302,GO:0051716,GO:0060089,GO:0061458,GO:0065001,GO:0065007,GO:0071704,GO:0071944,GO:0090558,GO:0090708,GO:0099402,GO:0140096,GO:1901564,GO:1905392,GO:1905421,GO:2000026,GO:2000067,GO:2000280	ko:K04733	ko04010,ko04064,ko04620,ko04621,ko04624,ko04722,ko05133,ko05140,ko05142,ko05145,ko05152,ko05162,ko05164,map04010,map04064,map04620,map04621,map04624,map04722,map05133,map05140,map05142,map05145,map05152,map05162,map05164	T	28K7G@1|root,2QSN5@2759|Eukaryota,37I7U@33090|Viridiplantae,3G7PY@35493|Streptophyta	3218.PP1S480_11V6.1	1.72e-266
766.735316885232	-1.51701740899288	0.515136655670719	0.000740864148248511	0.00450457906171352	g295	-	FAS1 domain-containing protein SELMODRAFT_448915-like	Fasciclin	-	-	-	S	2BGN3@1|root,2S19S@2759|Eukaryota,37VF0@33090|Viridiplantae	3218.PP1S52_127V6.2	2.98e-85
226.92832587797	-1.61272379934181	0.55337446165917	0.000737749326135514	0.00450457906171352	g403	-	D-aminoacyl-tRNA	tRNA_deacylase	-	ko:K09716	-	S	COG1650@1|root,2QRIE@2759|Eukaryota,37PU9@33090|Viridiplantae,3G8IZ@35493|Streptophyta	3218.PP1S289_26V6.1	1.19e-205
991.994602156131	-1.50361244283994	0.512764191137823	0.000770500556557719	0.00464557030125386	g977	RFK	riboflavin kinase	Flavokinase	GO:0003674,GO:0003824,GO:0005488,GO:0005575,GO:0005622,GO:0005623,GO:0005737,GO:0005739,GO:0005740,GO:0005743,GO:0005829,GO:0006139,GO:0006725,GO:0006732,GO:0006753,GO:0006766,GO:0006767,GO:0006771,GO:0006793,GO:0006796,GO:0006807,GO:0006915,GO:0008150,GO:0008152,GO:0008219,GO:0008270,GO:0008531,GO:0009058,GO:0009108,GO:0009110,GO:0009117,GO:0009123,GO:0009124,GO:0009156,GO:0009161,GO:0009165,GO:0009231,GO:0009259,GO:0009260,GO:0009398,GO:0009893,GO:0009987,GO:0012501,GO:0016020,GO:0016301,GO:0016310,GO:0016740,GO:0016772,GO:0016773,GO:0017144,GO:0018130,GO:0019222,GO:0019438,GO:0019637,GO:0019693,GO:0019866,GO:0031090,GO:0031966,GO:0031967,GO:0031975,GO:0033860,GO:0033864,GO:0034641,GO:0034654,GO:0042364,GO:0042726,GO:0042727,GO:0043085,GO:0043167,GO:0043169,GO:0043226,GO:0043227,GO:0043229,GO:0043231,GO:0044093,GO:0044237,GO:0044238,GO:0044249,GO:0044271,GO:0044281,GO:0044283,GO:0044422,GO:0044424,GO:0044429,GO:0044444,GO:0044446,GO:0044464,GO:0046390,GO:0046444,GO:0046483,GO:0046872,GO:0046914,GO:0048518,GO:0050789,GO:0050790,GO:0051186,GO:0051188,GO:0051341,GO:0051353,GO:0055086,GO:0065007,GO:0065009,GO:0071704,GO:0072593,GO:0090407,GO:1901135,GO:1901137,GO:1901293,GO:1901360,GO:1901362,GO:1901564,GO:1901566,GO:1901576	ko:K00861,ko:K20884	ko00740,ko01100,ko01110,map00740,map01100,map01110	H	COG0196@1|root,KOG3110@2759|Eukaryota,37K0I@33090|Viridiplantae,3G8YV@35493|Streptophyta	3218.PP1S56_240V6.1	1.81e-229
431.148574614042	-1.33343076388233	0.444630122037851	0.000796337149738364	0.00476150138080076	g1369	-	Belongs to the beta-ketoacyl-ACP synthases family	Ketoacyl-synt_C,ketoacyl-synt	-	ko:K09458	ko00061,ko00780,ko01100,ko01212,map00061,map00780,map01100,map01212	IQ	COG0304@1|root,KOG1394@2759|Eukaryota,37IDA@33090|Viridiplantae,3G7A1@35493|Streptophyta	3218.PP1S108_176V6.1	0
341.586137708439	-1.78346399011949	0.635043858507222	0.000817816333777738	0.00486536593006627	g531	-	Histidine kinase-like ATPases	HATPase_c,HisKA,Response_reg	-	-	-	G	COG0642@1|root,KOG0519@2759|Eukaryota,37ZNG@33090|Viridiplantae,3GPF0@35493|Streptophyta	3218.PP1S43_18V6.1	6.86e-37
395.329343832942	-1.32442558789162	0.442348510604175	0.000820460736298476	0.00486536593006627	g2098	-	GDP-fucose protein O-fucosyltransferase	O-FucT	-	-	-	G	2E6U9@1|root,2SDGX@2759|Eukaryota,38241@33090|Viridiplantae	3218.PP1S376_9V6.1	3.3e-225
107.992442385772	-1.55501987250111	0.537908961192853	0.000846523648996449	0.00499934663198313	g800	-	Chaperone protein dnaJ 20	DnaJ	-	-	-	O	COG0484@1|root,KOG0712@2759|Eukaryota,37UJP@33090|Viridiplantae,3GI0D@35493|Streptophyta	3218.PP1S91_206V6.1	2.8e-46
330.964029715682	-1.40333059706035	0.475736334564783	0.000851261751621537	0.00500680891463933	g1859										
160.574549467655	-1.73971377550884	0.619691650328844	0.000877992342429683	0.00514303644488282	g2063	-	F-box kelch-repeat protein	F-box	GO:0003674,GO:0003824,GO:0004842,GO:0006464,GO:0006508,GO:0006511,GO:0006807,GO:0008150,GO:0008152,GO:0009056,GO:0009057,GO:0009987,GO:0010498,GO:0016567,GO:0016740,GO:0019538,GO:0019787,GO:0019941,GO:0030163,GO:0031146,GO:0032446,GO:0036211,GO:0043161,GO:0043170,GO:0043412,GO:0043632,GO:0044237,GO:0044238,GO:0044248,GO:0044257,GO:0044260,GO:0044265,GO:0044267,GO:0051603,GO:0070647,GO:0071704,GO:0140096,GO:1901564,GO:1901565,GO:1901575	-	-	S	2C7J1@1|root,2QV69@2759|Eukaryota,37KW1@33090|Viridiplantae,3G8M5@35493|Streptophyta,4JIG3@91835|fabids	3656.XP_008444559.1	0.000383
2982.51107186174	-2.05591233878804	0.775431180466157	0.000934500862406578	0.00541196548112286	g25	-	Belongs to the oxygen-dependent FAD-linked oxidoreductase family	BBE,FAD_binding_4	GO:0003674,GO:0003824,GO:0005575,GO:0005576,GO:0005618,GO:0005622,GO:0005623,GO:0005737,GO:0005739,GO:0005773,GO:0005829,GO:0005886,GO:0005911,GO:0006950,GO:0006952,GO:0006979,GO:0008150,GO:0008152,GO:0009505,GO:0009506,GO:0009605,GO:0009607,GO:0009620,GO:0016020,GO:0016491,GO:0016614,GO:0016899,GO:0030054,GO:0030312,GO:0043207,GO:0043226,GO:0043227,GO:0043229,GO:0043231,GO:0044424,GO:0044444,GO:0044464,GO:0048046,GO:0050832,GO:0050896,GO:0051704,GO:0051707,GO:0055044,GO:0055114,GO:0071944,GO:0098542	-	-	C	COG0277@1|root,2QVGN@2759|Eukaryota,37RXC@33090|Viridiplantae,3GFUU@35493|Streptophyta	3218.PP1S128_133V6.1	3.35e-256
93.6016934222758	-1.48499913802364	0.517042074438681	0.000992659947098644	0.0056762816816236	g1389	-	Hsp70 protein	HSP70	-	-	-	O	COG0443@1|root,KOG0101@2759|Eukaryota,3808D@33090|Viridiplantae,3GQ18@35493|Streptophyta	3218.PP1S47_292V6.1	1.89e-234
2621.04460259378	-2.16481030683143	0.837091157001236	0.000996744686424599	0.00567711104007054	g2258	NRT1.1	Protein NRT1 PTR FAMILY 6.3-like	PTR2	GO:0001101,GO:0003674,GO:0005215,GO:0005575,GO:0005623,GO:0005886,GO:0006810,GO:0006811,GO:0006820,GO:0006950,GO:0008150,GO:0008509,GO:0009414,GO:0009415,GO:0009628,GO:0010035,GO:0010167,GO:0015075,GO:0015103,GO:0015112,GO:0015318,GO:0015698,GO:0015706,GO:0016020,GO:0022857,GO:0034220,GO:0042221,GO:0044464,GO:0050896,GO:0051179,GO:0051234,GO:0055085,GO:0071705,GO:0071944,GO:0098656,GO:1901698,GO:1901700	ko:K14638	-	E	COG3104@1|root,KOG1237@2759|Eukaryota,37J1P@33090|Viridiplantae,3GDMY@35493|Streptophyta	3218.PP1S143_133V6.3	0
190.334876506583	-2.31586991278729	0.920119418372228	0.00105012496947668	0.0059575987441571	g323	-	Carbohydrate-binding protein of the ER	LRR_4,LRR_8,Malectin_like,Pkinase,Pkinase_Tyr	-	ko:K10737	-	T	COG0515@1|root,2QSBF@2759|Eukaryota,37Q7Z@33090|Viridiplantae,3GEV0@35493|Streptophyta,3KQET@4447|Liliopsida,3I5IU@38820|Poales	4565.Traes_5AL_44570C8AA.1	2.62e-65
235.239539458476	-1.56303101171868	0.562883296697447	0.00118189683292373	0.00657572716696177	g24	-	Pet100	Pet100	-	ko:K18187	-	S	2CYCQ@1|root,2S3KV@2759|Eukaryota,37W49@33090|Viridiplantae,3GK3U@35493|Streptophyta	3218.PP1S430_30V6.3	6.35e-32
193.083088175688	-1.72602712459528	0.642207757081641	0.00120840173027718	0.00669733420511317	g1100	-	Afadin- and alpha-actinin-binding	ADIP	-	ko:K06085	ko04520,map04520	S	28I93@1|root,2QQJF@2759|Eukaryota,37KNW@33090|Viridiplantae,3GE12@35493|Streptophyta	3218.PP1S47_178V6.2	1.05e-240
525.778085624563	-1.61296606803811	0.592406288078202	0.00127144672520635	0.00701974992728872	g2113	-	LRR receptor-like serine threonine-protein kinase	LRR_1,LRR_4,LRR_8	GO:0002831,GO:0002833,GO:0005575,GO:0005623,GO:0005886,GO:0008150,GO:0009605,GO:0009607,GO:0009617,GO:0016020,GO:0031347,GO:0031349,GO:0032101,GO:0032103,GO:0043207,GO:0043900,GO:0043902,GO:0044464,GO:0048518,GO:0048583,GO:0048584,GO:0050789,GO:0050896,GO:0051704,GO:0051707,GO:0065007,GO:0071944,GO:0080134,GO:1900424,GO:1900426,GO:1902288,GO:1902290	-	-	S	COG4886@1|root,KOG0619@2759|Eukaryota,37PKN@33090|Viridiplantae,3GBXJ@35493|Streptophyta	88036.EFJ18303	1.54e-51
5689.635688916	-1.530596286538	0.56923714733988	0.00146663068736129	0.00794516849807376	g271	-	Belongs to the protein kinase superfamily. Ser Thr protein kinase family	LRRNT_2,LRR_8,Pkinase,Pkinase_Tyr	GO:0005575,GO:0005623,GO:0005886,GO:0016020,GO:0044464,GO:0071944	-	-	T	COG0515@1|root,2QTCP@2759|Eukaryota,388RV@33090|Viridiplantae,3GXF0@35493|Streptophyta	3218.PP1S378_42V6.1	0
756.931791399618	-1.12306180307262	0.388034782185249	0.00149728266360895	0.00808084014329775	g742	-	chorismate mutase	-	-	ko:K01850	ko00400,ko01100,ko01110,ko01130,ko01230,map00400,map01100,map01110,map01130,map01230	E	COG1605@1|root,KOG0795@2759|Eukaryota,37MUR@33090|Viridiplantae,3GFMG@35493|Streptophyta	3218.PP1S142_106V6.1	2.05e-176
297.437077522457	-1.20305721600769	0.422897972650645	0.00156738313447762	0.00833431401026658	g365	-	Protein WALLS ARE THIN	EamA	GO:0000325,GO:0000902,GO:0003674,GO:0005215,GO:0005575,GO:0005622,GO:0005623,GO:0005737,GO:0005773,GO:0005774,GO:0005886,GO:0005887,GO:0005938,GO:0006521,GO:0006810,GO:0007154,GO:0007165,GO:0008150,GO:0009653,GO:0009705,GO:0009719,GO:0009725,GO:0009733,GO:0009734,GO:0009755,GO:0009826,GO:0009832,GO:0009834,GO:0009893,GO:0009914,GO:0009966,GO:0009987,GO:0010033,GO:0010315,GO:0010565,GO:0010646,GO:0010817,GO:0010928,GO:0016020,GO:0016021,GO:0016043,GO:0016049,GO:0019222,GO:0022857,GO:0023051,GO:0023052,GO:0031090,GO:0031224,GO:0031226,GO:0031323,GO:0031325,GO:0032350,GO:0032352,GO:0032502,GO:0032870,GO:0032989,GO:0033238,GO:0033240,GO:0040007,GO:0042221,GO:0042546,GO:0043226,GO:0043227,GO:0043229,GO:0043231,GO:0044085,GO:0044422,GO:0044424,GO:0044425,GO:0044437,GO:0044444,GO:0044446,GO:0044459,GO:0044464,GO:0045764,GO:0048518,GO:0048522,GO:0048583,GO:0048589,GO:0048856,GO:0048869,GO:0050789,GO:0050794,GO:0050896,GO:0051171,GO:0051173,GO:0051179,GO:0051234,GO:0051716,GO:0055085,GO:0060560,GO:0060918,GO:0062012,GO:0062013,GO:0065007,GO:0065008,GO:0070887,GO:0071310,GO:0071365,GO:0071495,GO:0071554,GO:0071669,GO:0071840,GO:0071944,GO:0080090,GO:0090354,GO:0090355,GO:0090357,GO:0090358,GO:0098588,GO:0098805,GO:0099568	-	-	S	28N0B@1|root,2QSV3@2759|Eukaryota,37KAT@33090|Viridiplantae,3GDI0@35493|Streptophyta	71139.XP_010061007.1	4.05e-59
13.9068779902126	-2.88974729856792	1.31582905974823	0.00156474956833699	0.00833431401026658	g1887	-	-	-	-	-	-	-	291FD@1|root,2R8BA@2759|Eukaryota,380B0@33090|Viridiplantae,3GQ3V@35493|Streptophyta	3218.PP1S6_103V6.1	3.65e-44
65.4233963469231	-1.73033589857549	0.669004255841534	0.00169157944492985	0.00892881311408029	g1254										
417.401092913477	-1.31492423600317	0.47795219633523	0.00176500477050437	0.00921511548658257	g309										
127.250646765452	-1.45031110746152	0.542077022445212	0.00179499463747106	0.00933786018987655	g2284	-	Belongs to the peroxidase family. Classical plant (class III) peroxidase subfamily	peroxidase	GO:0003674,GO:0003676,GO:0003723,GO:0003729,GO:0003824,GO:0004601,GO:0005488,GO:0005575,GO:0005618,GO:0005623,GO:0005886,GO:0005911,GO:0008150,GO:0008152,GO:0009505,GO:0009506,GO:0009636,GO:0009664,GO:0009987,GO:0016020,GO:0016043,GO:0016209,GO:0016491,GO:0016684,GO:0030054,GO:0030312,GO:0042221,GO:0044464,GO:0045229,GO:0050896,GO:0051716,GO:0055044,GO:0055114,GO:0070887,GO:0071554,GO:0071555,GO:0071669,GO:0071840,GO:0071944,GO:0097159,GO:0097237,GO:0098754,GO:0098869,GO:1901363,GO:1990748	ko:K00430	ko00940,ko01100,ko01110,map00940,map01100,map01110	W	2C0PQ@1|root,2QQ2G@2759|Eukaryota,37MK2@33090|Viridiplantae,3GD29@35493|Streptophyta,4JHB7@91835|fabids	3659.XP_004169591.1	5.7e-70
120.016775223608	-1.56735209467255	0.60713740851504	0.00203651482048138	0.0102969047589953	g1840	-	-	-	-	-	-	-	2CMCB@1|root,2QPYF@2759|Eukaryota,37MZ0@33090|Viridiplantae,3GCYF@35493|Streptophyta	3218.PP1S25_144V6.1	0
751.375558603074	-1.19372001571542	0.437021968983818	0.00221007016480001	0.0110197616175668	g1977	-	-	-	-	-	-	-	28JB9@1|root,2QRQ7@2759|Eukaryota,37IGT@33090|Viridiplantae,3G9M2@35493|Streptophyta	3218.PP1S490_1V6.1	1.56e-180
1060.25677460146	-1.17300273500077	0.430745974638123	0.00232170300394206	0.0114467072883272	g469	GAE4	UDP-glucuronate 4-epimerase	Epimerase,GDP_Man_Dehyd	GO:0005575,GO:0016020	ko:K08679	ko00520,ko01100,map00520,map01100	M	COG1087@1|root,KOG1371@2759|Eukaryota,37JFV@33090|Viridiplantae,3GARW@35493|Streptophyta	3218.PP1S46_116V6.1	1.52e-304
784.757352108022	-1.01045106870887	0.361986432306298	0.00238351121990378	0.0116428463318012	g936	-	BEST Arabidopsis thaliana protein match is Protein of	DUF707	-	-	-	S	28HZG@1|root,2QQAA@2759|Eukaryota,37MVM@33090|Viridiplantae,3G9UM@35493|Streptophyta	3218.PP1S70_58V6.2	5.95e-238
1043.75622026036	-1.60366581096833	0.65254390853066	0.00258962534677209	0.0124804351996608	g1224	-	Protein MID1-COMPLEMENTING ACTIVITY	PLAC8	GO:0003674,GO:0005215,GO:0005216,GO:0005261,GO:0005262,GO:0005575,GO:0005623,GO:0005886,GO:0005887,GO:0006810,GO:0006811,GO:0006812,GO:0006816,GO:0006950,GO:0006970,GO:0007154,GO:0007165,GO:0007231,GO:0007275,GO:0007610,GO:0007638,GO:0008150,GO:0008324,GO:0009605,GO:0009612,GO:0009628,GO:0009791,GO:0009987,GO:0015075,GO:0015085,GO:0015267,GO:0015318,GO:0016020,GO:0016021,GO:0022622,GO:0022803,GO:0022838,GO:0022857,GO:0022890,GO:0023052,GO:0030001,GO:0031224,GO:0031226,GO:0032501,GO:0032502,GO:0033500,GO:0033554,GO:0034220,GO:0042592,GO:0044425,GO:0044459,GO:0044464,GO:0046873,GO:0048364,GO:0048528,GO:0048731,GO:0048856,GO:0048878,GO:0050789,GO:0050794,GO:0050896,GO:0051179,GO:0051234,GO:0051716,GO:0055085,GO:0065007,GO:0065008,GO:0070588,GO:0070838,GO:0071214,GO:0071470,GO:0071944,GO:0072511,GO:0090696,GO:0098655,GO:0098660,GO:0098662,GO:0099402,GO:0104004	-	-	S	2CMJE@1|root,2QQIG@2759|Eukaryota,37NKW@33090|Viridiplantae,3GD6W@35493|Streptophyta	3218.PP1S108_76V6.1	1.83e-234
358.518747840941	-1.26991509889674	0.487487813279248	0.00286078858683303	0.0136956689489249	g308										
384.179405294433	-1.22642267996794	0.468864381858489	0.0029326049124094	0.0139468108210625	g1180	-	isoform X1	2-Hacid_dh_C,Mur_ligase_C,Mur_ligase_M	-	-	-	M	COG0771@1|root,2QSWS@2759|Eukaryota,37RU8@33090|Viridiplantae,3G77A@35493|Streptophyta	3218.PP1S145_152V6.1	2.24e-284
6955.90312630675	-1.4631385178305	0.592428003202245	0.00301223693943049	0.0142783994398662	g2152	-	Heavy metal-associated isoprenylated plant protein	HMA	GO:0003674,GO:0005488,GO:0005575,GO:0005622,GO:0005623,GO:0005737,GO:0006810,GO:0006811,GO:0006812,GO:0006873,GO:0006875,GO:0008150,GO:0009987,GO:0019725,GO:0030001,GO:0030003,GO:0042592,GO:0043167,GO:0043169,GO:0044424,GO:0044464,GO:0046872,GO:0046914,GO:0046916,GO:0048878,GO:0050801,GO:0051179,GO:0051234,GO:0055065,GO:0055076,GO:0055080,GO:0055082,GO:0065007,GO:0065008,GO:0098771	-	-	P	KOG1603@1|root,KOG1603@2759|Eukaryota,37UAV@33090|Viridiplantae	3218.PP1S77_315V6.1	2.7e-43
61.2844155699006	-1.84427955016159	0.813253372236819	0.00322912503181721	0.0152064351988516	g530	-	Belongs to the glycosyl hydrolase 31 family	Gal_mutarotas_2,Glyco_hydro_31,NtCtMGAM_N	GO:0000272,GO:0003674,GO:0003824,GO:0004553,GO:0005575,GO:0005576,GO:0005618,GO:0005622,GO:0005623,GO:0005737,GO:0005911,GO:0005975,GO:0005976,GO:0006073,GO:0008150,GO:0008152,GO:0009044,GO:0009056,GO:0009057,GO:0009505,GO:0009506,GO:0009507,GO:0009536,GO:0009987,GO:0010035,GO:0010038,GO:0010383,GO:0010410,GO:0010411,GO:0016052,GO:0016787,GO:0016798,GO:0030054,GO:0030312,GO:0042221,GO:0043170,GO:0043226,GO:0043227,GO:0043229,GO:0043231,GO:0044036,GO:0044042,GO:0044237,GO:0044238,GO:0044260,GO:0044262,GO:0044264,GO:0044424,GO:0044444,GO:0044464,GO:0045491,GO:0045493,GO:0046556,GO:0046686,GO:0048046,GO:0050896,GO:0055044,GO:0071554,GO:0071704,GO:0071944,GO:0080176,GO:0097599,GO:1901575	ko:K01187,ko:K15925	ko00052,ko00500,ko01100,map00052,map00500,map01100	G	COG1501@1|root,KOG1065@2759|Eukaryota,37JAX@33090|Viridiplantae,3GDDI@35493|Streptophyta	3218.PP1S43_19V6.1	5.4e-62
430.913553635912	-1.23687519279451	0.481457170990961	0.0032799555547915	0.015395491708321	g1965	-	bHLH-MYC and R2R3-MYB transcription factors N-terminal	bHLH-MYC_N	-	-	-	S	28K1Y@1|root,2QPU3@2759|Eukaryota,37Q4H@33090|Viridiplantae,3G7CG@35493|Streptophyta	3218.PP1S161_43V6.1	9.35999999999999e-249
1108.32108851145	-1.17105602423283	0.454140077360728	0.00352896558743372	0.0163512521269839	g302	-	DNA (cytosine-5-)-methyltransferase activity	DNA_methylase	-	ko:K17398	ko00270,ko01100,ko05206,map00270,map01100,map05206	L	COG0270@1|root,2RRG5@2759|Eukaryota,3814K@33090|Viridiplantae,3GQMV@35493|Streptophyta	3218.PP1S52_118V6.1	0
432.233455273507	-1.46544010907164	0.607199060216639	0.00357649867566239	0.0164656057240559	g272										
68.891734238673	-1.44875672017395	0.59694114632906	0.00365490334152878	0.0167729799845318	g1029										
179.187324220961	-1.19458460258432	0.47535585066553	0.00409342510788211	0.0185491370454658	g959										
226.526596193542	-1.31029605667847	0.535139431429048	0.00410913121920972	0.0185619375764301	g388	-	Dirigent proteins impart stereoselectivity on the phenoxy radical-coupling reaction, yielding optically active lignans from two molecules of coniferyl alcohol in the biosynthesis of lignans, flavonolignans, and alkaloids and thus plays a central role in plant secondary metabolism	Dirigent	-	-	-	S	29XXM@1|root,2R59I@2759|Eukaryota,3863C@33090|Viridiplantae,3GZW7@35493|Streptophyta,3M6JS@4447|Liliopsida,3IHJX@38820|Poales	4558.Sb04g019550.1	2.25e-07
5073.61065777022	-1.57191623543083	0.689613303154511	0.00418937388753625	0.0188065039624291	g1914	-	aldo-keto reductase	Aldo_ket_red	GO:0005575,GO:0005622,GO:0005623,GO:0005737,GO:0005829,GO:0005886,GO:0008150,GO:0009507,GO:0009526,GO:0009536,GO:0009941,GO:0010035,GO:0010038,GO:0016020,GO:0031967,GO:0031975,GO:0042221,GO:0043226,GO:0043227,GO:0043229,GO:0043231,GO:0044422,GO:0044424,GO:0044434,GO:0044435,GO:0044444,GO:0044446,GO:0044464,GO:0046686,GO:0050896,GO:0071944	-	-	C	COG0667@1|root,KOG1575@2759|Eukaryota,37HT0@33090|Viridiplantae,3GB6U@35493|Streptophyta	3218.PP1S158_112V6.2	7.96e-177
1418.76460599782	-1.24498973119388	0.50711768370496	0.00441228599236052	0.0196237781326899	g1495	-	WAT1-related protein	EamA	GO:0003674,GO:0005215,GO:0005575,GO:0005623,GO:0005886,GO:0006810,GO:0008150,GO:0016020,GO:0022857,GO:0044464,GO:0051179,GO:0051234,GO:0055085,GO:0071944	-	-	S	28N0B@1|root,2QVME@2759|Eukaryota,37NE3@33090|Viridiplantae,3GG8W@35493|Streptophyta,4JF4B@91835|fabids	3659.XP_004169197.1	5.2e-26
2544.68999129597	-1.45806554662777	0.630870786986332	0.00449342619542967	0.0199231604541974	g1163	-	Belongs to the Casparian strip membrane proteins (CASP) family	DUF588	GO:0003674,GO:0005488,GO:0048037,GO:0051536,GO:0051540	-	-	S	29Y9I@1|root,2RXTK@2759|Eukaryota,37SAU@33090|Viridiplantae,3GMWA@35493|Streptophyta	3218.PP1S160_119V6.1	5.11e-76
31.2264410530936	-2.09976924407727	1.09461860546608	0.00483419261332439	0.0213683176558296	g1256										
1390.93654914427	-1.09737681607026	0.438967146055888	0.00487222839153178	0.0214051253420649	g638	-	Protein of unknown function (DUF3754)	DUF3754	-	-	-	S	2CNBC@1|root,2QUZS@2759|Eukaryota,37KI8@33090|Viridiplantae,3GE9Q@35493|Streptophyta	3218.PP1S13_182V6.1	0
784.946567577335	-1.08535816868362	0.44155314805725	0.00554025351574026	0.0236899267542484	g1873	-	isoform X1	-	-	-	-	S	2CMT1@1|root,2QRTI@2759|Eukaryota,37KR8@33090|Viridiplantae,3G75D@35493|Streptophyta	3218.PP1S52_96V6.2	0
1093.0995141219	-1.12410948125411	0.46651278613553	0.00568108042783492	0.024172766721595	g2196	-	Beta-L-arabinofuranosidase, GH127	AbfB,Glyco_hydro_127	-	ko:K09955	-	S	COG3533@1|root,2QRCI@2759|Eukaryota,37ISY@33090|Viridiplantae,3G7WS@35493|Streptophyta	3218.PP1S60_268V6.1	0
120.021020803458	-1.77480293602653	0.889833655260375	0.00600983535816914	0.0251019500032514	g685										
1601.56984172402	-1.29125254147294	0.564039544726957	0.00599642755583121	0.0251019500032514	g1260	-	glucan endo-1,3-beta-D-glucosidase activity	Glyco_hydro_17	GO:0000272,GO:0003674,GO:0003824,GO:0004553,GO:0005975,GO:0005976,GO:0006073,GO:0006074,GO:0006076,GO:0006950,GO:0006952,GO:0008150,GO:0008152,GO:0008422,GO:0009056,GO:0009057,GO:0009251,GO:0009605,GO:0009607,GO:0009620,GO:0009987,GO:0015926,GO:0016052,GO:0016787,GO:0016798,GO:0042973,GO:0043170,GO:0043207,GO:0044042,GO:0044237,GO:0044238,GO:0044247,GO:0044248,GO:0044260,GO:0044262,GO:0044264,GO:0044275,GO:0050832,GO:0050896,GO:0051273,GO:0051275,GO:0051704,GO:0051707,GO:0071704,GO:0098542,GO:1901575	-	-	G	2CME4@1|root,2QQ3M@2759|Eukaryota	3218.PP1S190_47V6.1	6.98e-73
4.17518297980194	-3.8509183385557	4.02337777533586	0.00669524951831014	0.0274867651164812	g2280										
156.13209625428	-1.84396596553625	0.978376574262372	0.00673915777462888	0.027588427139887	g508	-	Belongs to the glycosyltransferase 8 family	Glyco_transf_8	GO:0000271,GO:0000323,GO:0001775,GO:0002252,GO:0002263,GO:0002274,GO:0002275,GO:0002283,GO:0002366,GO:0002376,GO:0002443,GO:0002444,GO:0002446,GO:0003674,GO:0003824,GO:0005575,GO:0005576,GO:0005622,GO:0005623,GO:0005737,GO:0005764,GO:0005768,GO:0005773,GO:0005775,GO:0005794,GO:0005802,GO:0005829,GO:0005975,GO:0005976,GO:0005977,GO:0005978,GO:0006073,GO:0006091,GO:0006112,GO:0006810,GO:0006887,GO:0006955,GO:0008150,GO:0008152,GO:0008194,GO:0008466,GO:0009058,GO:0009059,GO:0009250,GO:0009832,GO:0009834,GO:0009987,GO:0010383,GO:0010410,GO:0010413,GO:0010417,GO:0012505,GO:0015020,GO:0015980,GO:0016051,GO:0016192,GO:0016740,GO:0016757,GO:0016758,GO:0030141,GO:0031410,GO:0031974,GO:0031982,GO:0031983,GO:0031984,GO:0032940,GO:0033692,GO:0034637,GO:0034645,GO:0034774,GO:0035251,GO:0036230,GO:0042119,GO:0042546,GO:0043170,GO:0043202,GO:0043226,GO:0043227,GO:0043229,GO:0043231,GO:0043233,GO:0043299,GO:0043312,GO:0044036,GO:0044038,GO:0044042,GO:0044085,GO:0044237,GO:0044238,GO:0044249,GO:0044260,GO:0044262,GO:0044264,GO:0044422,GO:0044424,GO:0044431,GO:0044433,GO:0044437,GO:0044444,GO:0044446,GO:0044464,GO:0045055,GO:0045321,GO:0045491,GO:0045492,GO:0046527,GO:0046903,GO:0050896,GO:0051179,GO:0051234,GO:0055114,GO:0060205,GO:0070013,GO:0070589,GO:0070592,GO:0071554,GO:0071669,GO:0071704,GO:0071840,GO:0080116,GO:0097708,GO:0098791,GO:0099503,GO:0101002,GO:1901576,GO:1904813	ko:K20890	-	G	COG5597@1|root,KOG1950@2759|Eukaryota,37MU5@33090|Viridiplantae,3G977@35493|Streptophyta	3218.PP1S351_36V6.1	1.38e-234
452.537480229104	-1.34696881256713	0.60593695513958	0.00678621239041394	0.0276241018491144	g337	PTP1	Protein-tyrosine-phosphatase	Y_phosphatase	GO:0000188,GO:0001932,GO:0001933,GO:0003674,GO:0003824,GO:0004721,GO:0004725,GO:0005575,GO:0005622,GO:0005623,GO:0005634,GO:0005737,GO:0005886,GO:0006464,GO:0006469,GO:0006470,GO:0006793,GO:0006796,GO:0006807,GO:0007154,GO:0007165,GO:0008150,GO:0008152,GO:0009892,GO:0009966,GO:0009968,GO:0009987,GO:0010563,GO:0010605,GO:0010646,GO:0010648,GO:0016020,GO:0016311,GO:0016787,GO:0016788,GO:0016791,GO:0019220,GO:0019222,GO:0019538,GO:0023051,GO:0023052,GO:0023057,GO:0031323,GO:0031324,GO:0031347,GO:0031348,GO:0031399,GO:0031400,GO:0032268,GO:0032269,GO:0033549,GO:0033550,GO:0033673,GO:0035335,GO:0035556,GO:0036211,GO:0042325,GO:0042326,GO:0042578,GO:0043086,GO:0043170,GO:0043226,GO:0043227,GO:0043229,GO:0043231,GO:0043405,GO:0043407,GO:0043408,GO:0043409,GO:0043412,GO:0043549,GO:0044092,GO:0044237,GO:0044238,GO:0044260,GO:0044267,GO:0044424,GO:0044464,GO:0045859,GO:0045936,GO:0048519,GO:0048523,GO:0048583,GO:0048585,GO:0050789,GO:0050790,GO:0050794,GO:0050896,GO:0051171,GO:0051172,GO:0051174,GO:0051246,GO:0051248,GO:0051338,GO:0051348,GO:0051716,GO:0060255,GO:0065007,GO:0065009,GO:0071704,GO:0071900,GO:0071901,GO:0071944,GO:0080090,GO:0080134,GO:0140096,GO:1901564,GO:1902531,GO:1902532,GO:1990264	ko:K05696,ko:K16667,ko:K18032,ko:K18038,ko:K18039	ko04520,ko04910,ko04931,map04520,map04910,map04931	T	COG5599@1|root,KOG0789@2759|Eukaryota,37QR2@33090|Viridiplantae,3GCWV@35493|Streptophyta	3218.PP1S1_421V6.1	9.21e-154
1382.56549657425	-1.19174230388226	0.515378862817709	0.00686272509811087	0.0278568644123318	g2041										
6628.71434564454	-1.48061105643814	0.710710668230605	0.00725270582844818	0.0287910443492943	g1332	-	belongs to the protein kinase superfamily	Pkinase_Tyr	-	-	-	G	COG0515@1|root,2SGTC@2759|Eukaryota,37Z0D@33090|Viridiplantae,3GNQR@35493|Streptophyta	3218.PP1S135_48V6.1	1.4e-105
21.4268976742198	-1.60098120579788	0.790478191700367	0.00776547698948846	0.0304906058361114	g26	-	lysine-specific demethylase	JmjC,WRC,zf-4CXXC_R1	GO:0000785,GO:0000976,GO:0001067,GO:0003674,GO:0003676,GO:0003677,GO:0003682,GO:0003690,GO:0003824,GO:0005102,GO:0005488,GO:0005506,GO:0005515,GO:0005575,GO:0005622,GO:0005623,GO:0005634,GO:0005654,GO:0005694,GO:0006081,GO:0006325,GO:0006355,GO:0006464,GO:0006482,GO:0006807,GO:0006996,GO:0007154,GO:0007165,GO:0008134,GO:0008150,GO:0008152,GO:0008214,GO:0009058,GO:0009719,GO:0009725,GO:0009755,GO:0009889,GO:0009891,GO:0009893,GO:0009987,GO:0010033,GO:0010468,GO:0010556,GO:0010557,GO:0010604,GO:0010628,GO:0014070,GO:0016043,GO:0016569,GO:0016570,GO:0016577,GO:0016999,GO:0017000,GO:0017144,GO:0019219,GO:0019222,GO:0019538,GO:0023052,GO:0030518,GO:0030521,GO:0030522,GO:0031323,GO:0031325,GO:0031326,GO:0031328,GO:0031490,GO:0031974,GO:0031981,GO:0032451,GO:0032452,GO:0032454,GO:0032870,GO:0033169,GO:0033993,GO:0035257,GO:0035258,GO:0036211,GO:0042221,GO:0043167,GO:0043169,GO:0043170,GO:0043226,GO:0043227,GO:0043228,GO:0043229,GO:0043231,GO:0043232,GO:0043233,GO:0043401,GO:0043412,GO:0043565,GO:0044212,GO:0044237,GO:0044238,GO:0044249,GO:0044260,GO:0044267,GO:0044281,GO:0044283,GO:0044422,GO:0044424,GO:0044427,GO:0044428,GO:0044446,GO:0044464,GO:0045893,GO:0045935,GO:0046184,GO:0046292,GO:0046293,GO:0046872,GO:0046914,GO:0048518,GO:0048522,GO:0048545,GO:0050681,GO:0050789,GO:0050794,GO:0050896,GO:0051171,GO:0051173,GO:0051252,GO:0051254,GO:0051276,GO:0051427,GO:0051716,GO:0060255,GO:0065007,GO:0070013,GO:0070076,GO:0070887,GO:0070988,GO:0071310,GO:0071383,GO:0071396,GO:0071407,GO:0071495,GO:0071704,GO:0071840,GO:0080090,GO:0097159,GO:0140096,GO:1901363,GO:1901564,GO:1901576,GO:1902680,GO:1903506,GO:1903508,GO:1990837,GO:2000112,GO:2001141	ko:K15601	ko04714,map04714	K	KOG1356@1|root,KOG1356@2759|Eukaryota,37MN3@33090|Viridiplantae,3G8KE@35493|Streptophyta	3218.PP1S430_29V6.1	0
59.1446409500882	-1.47067863395058	0.712719925969793	0.00793989554947148	0.0309657050965128	g1964										
437.196791739934	-1.1532415404081	0.506851409710959	0.00793303800292687	0.0309657050965128	g2139	-	UPF0392 protein	Glyco_transf_92,zf-C3HC4	-	-	-	O	COG2802@1|root,KOG4159@2759|Eukaryota,388R2@33090|Viridiplantae,3G77C@35493|Streptophyta	3218.PP1S115_36V6.1	3.11e-283
4362.98244862417	-1.23726661478345	0.561075843460289	0.00819428586689391	0.0316567451318877	g511	-	Inorganic phosphate transporter	Sugar_tr	-	ko:K08176	-	P	KOG0252@1|root,KOG0252@2759|Eukaryota,37I5U@33090|Viridiplantae,3GERK@35493|Streptophyta	3218.PP1S197_130V6.1	5.14e-282
152.05963101804	-1.05282726831979	0.452796541358608	0.00834041561222193	0.032135130741208	g2022										
192.34455831648	-1.04981098685298	0.45346599817539	0.00851532634021323	0.0325479715019821	g978	-	LRR receptor-like serine threonine-protein kinase	LRR_4,LRR_8,Malectin,Pkinase,Pkinase_Tyr	-	-	-	T	COG0515@1|root,2QUW9@2759|Eukaryota,37KJP@33090|Viridiplantae,3G96G@35493|Streptophyta	3218.PP1S149_106V6.1	2.31e-89
137.558149760053	-1.1960143191192	0.540465018232695	0.00883919399102696	0.0334631840975607	g952	-	(NAC) domain-containing protein	NAM	GO:0001101,GO:0003674,GO:0003676,GO:0003677,GO:0003700,GO:0005488,GO:0005515,GO:0005575,GO:0005618,GO:0005622,GO:0005623,GO:0005634,GO:0005975,GO:0005976,GO:0006355,GO:0008150,GO:0008152,GO:0009505,GO:0009531,GO:0009605,GO:0009607,GO:0009620,GO:0009719,GO:0009725,GO:0009733,GO:0009735,GO:0009737,GO:0009741,GO:0009888,GO:0009889,GO:0009891,GO:0009893,GO:0009987,GO:0010033,GO:0010087,GO:0010089,GO:0010383,GO:0010410,GO:0010468,GO:0010556,GO:0010557,GO:0010604,GO:0010628,GO:0010941,GO:0010942,GO:0010981,GO:0014070,GO:0019219,GO:0019222,GO:0030154,GO:0030312,GO:0031323,GO:0031325,GO:0031326,GO:0031328,GO:0032502,GO:0033993,GO:0042221,GO:0042802,GO:0042803,GO:0043067,GO:0043068,GO:0043170,GO:0043207,GO:0043226,GO:0043227,GO:0043229,GO:0043231,GO:0043565,GO:0044036,GO:0044087,GO:0044089,GO:0044237,GO:0044238,GO:0044260,GO:0044424,GO:0044464,GO:0045491,GO:0045893,GO:0045935,GO:0046983,GO:0048518,GO:0048522,GO:0048759,GO:0048856,GO:0048869,GO:0050789,GO:0050794,GO:0050896,GO:0051171,GO:0051173,GO:0051252,GO:0051254,GO:0051704,GO:0051707,GO:0060255,GO:0065007,GO:0071554,GO:0071704,GO:0071944,GO:0080090,GO:0090058,GO:0097159,GO:0097305,GO:0140110,GO:1901348,GO:1901363,GO:1901700,GO:1902680,GO:1903338,GO:1903340,GO:1903506,GO:1903508,GO:1905177,GO:2000112,GO:2000652,GO:2001141	-	-	K	2CN0U@1|root,2QT6P@2759|Eukaryota,37IXD@33090|Viridiplantae,3GE5B@35493|Streptophyta	3218.PP1S161_73V6.1	2.2e-156
1341.82617299084	-1.19100647144809	0.539867807615215	0.00883345821745863	0.0334631840975607	g1857	-	Control of topological states of DNA by transient breakage and subsequent rejoining of DNA strands. Topoisomerase II makes double-strand breaks	DNA_gyraseB,DNA_topoisoIV,HATPase_c,TOPRIM_C,Toprim	GO:0000003,GO:0000075,GO:0000278,GO:0000280,GO:0000712,GO:0000819,GO:0003674,GO:0003824,GO:0003916,GO:0005575,GO:0005622,GO:0005623,GO:0005634,GO:0006139,GO:0006259,GO:0006310,GO:0006725,GO:0006807,GO:0006996,GO:0007049,GO:0007059,GO:0007093,GO:0007127,GO:0007131,GO:0007346,GO:0008150,GO:0008152,GO:0009987,GO:0016043,GO:0016853,GO:0022402,GO:0022414,GO:0031570,GO:0034641,GO:0035825,GO:0043170,GO:0043226,GO:0043227,GO:0043229,GO:0043231,GO:0044237,GO:0044238,GO:0044260,GO:0044424,GO:0044464,GO:0044774,GO:0045132,GO:0045786,GO:0045930,GO:0046483,GO:0048285,GO:0048519,GO:0048523,GO:0050789,GO:0050794,GO:0051276,GO:0051304,GO:0051307,GO:0051321,GO:0051726,GO:0061982,GO:0065007,GO:0071704,GO:0071840,GO:0090304,GO:0098813,GO:0140013,GO:0140097,GO:1901360,GO:1903046,GO:1903047	ko:K03164	ko01524,map01524	B	COG0187@1|root,KOG0355@2759|Eukaryota,37SPK@33090|Viridiplantae,3GGWG@35493|Streptophyta	3218.PP1S109_208V6.1	0
93.7952774825829	-1.13368513827812	0.504743632381025	0.00897301800731464	0.0338484789228806	g1429										
86.5845303467158	-1.29031840322675	0.602354085619747	0.00901047450507178	0.0339010280987165	g2179										
60.271650530946	-1.25267035455826	0.583535667574117	0.00925775151976299	0.0347406769270273	g1248	CDPK6	calcium-dependent protein kinase	EF-hand_1,EF-hand_5,EF-hand_6,EF-hand_7,Pkinase	GO:0001101,GO:0003674,GO:0003824,GO:0004672,GO:0004674,GO:0004683,GO:0005488,GO:0005515,GO:0005516,GO:0005575,GO:0005622,GO:0005623,GO:0005634,GO:0005737,GO:0005773,GO:0005829,GO:0005886,GO:0006464,GO:0006468,GO:0006793,GO:0006796,GO:0006807,GO:0006950,GO:0006970,GO:0007154,GO:0007165,GO:0008150,GO:0008152,GO:0009628,GO:0009651,GO:0009719,GO:0009725,GO:0009737,GO:0009738,GO:0009755,GO:0009931,GO:0009987,GO:0010033,GO:0010119,GO:0010359,GO:0010857,GO:0016020,GO:0016301,GO:0016310,GO:0016740,GO:0016772,GO:0016773,GO:0018105,GO:0018193,GO:0018209,GO:0019538,GO:0022898,GO:0023052,GO:0032409,GO:0032412,GO:0032870,GO:0032879,GO:0033993,GO:0034762,GO:0034765,GO:0035556,GO:0036211,GO:0042221,GO:0043170,GO:0043226,GO:0043227,GO:0043229,GO:0043231,GO:0043269,GO:0043412,GO:0044070,GO:0044237,GO:0044238,GO:0044260,GO:0044267,GO:0044424,GO:0044444,GO:0044464,GO:0046777,GO:0050789,GO:0050794,GO:0050896,GO:0051049,GO:0051716,GO:0065007,GO:0065009,GO:0070887,GO:0071215,GO:0071229,GO:0071310,GO:0071396,GO:0071495,GO:0071704,GO:0071944,GO:0097305,GO:0097306,GO:0140096,GO:1901564,GO:1901700,GO:1901701,GO:1903959	ko:K13412	ko04626,ko05145,map04626,map05145	T	KOG0032@1|root,KOG0032@2759|Eukaryota,37PSA@33090|Viridiplantae,3GB7K@35493|Streptophyta	3218.PP1S108_25V6.1	2.33e-273
216.704987133578	-1.09008645067539	0.484523130738013	0.00945043873510663	0.0351888429387303	g1877										
13.7060194573666	-2.46605745672164	2.15379816161729	0.00944233233054934	0.0351888429387303	g2236	-	ankyrin repeats	Ank,Ank_2,Ank_4,OST-HTH,RRM_1	-	ko:K15502	-	S	COG0666@1|root,KOG2502@1|root,KOG4205@1|root,KOG0504@2759|Eukaryota,KOG2502@2759|Eukaryota,KOG4205@2759|Eukaryota,37PSX@33090|Viridiplantae,3GH0E@35493|Streptophyta	3218.PP1S74_34V6.1	1.92e-194
17.9791932752827	-1.73092055100767	0.979667176991862	0.0104489472685441	0.0381188177568913	g1449										
3661.85711528479	-1.2079530077379	0.571865176355155	0.0105518341237827	0.0382791361569128	g1259	-	glucan endo-1,3-beta-D-glucosidase activity	Glyco_hydro_17	GO:0000272,GO:0003674,GO:0003824,GO:0004553,GO:0005975,GO:0005976,GO:0006073,GO:0006074,GO:0006076,GO:0006950,GO:0006952,GO:0008150,GO:0008152,GO:0008422,GO:0009056,GO:0009057,GO:0009251,GO:0009605,GO:0009607,GO:0009620,GO:0009987,GO:0015926,GO:0016052,GO:0016787,GO:0016798,GO:0042973,GO:0043170,GO:0043207,GO:0044042,GO:0044237,GO:0044238,GO:0044247,GO:0044248,GO:0044260,GO:0044262,GO:0044264,GO:0044275,GO:0050832,GO:0050896,GO:0051273,GO:0051275,GO:0051704,GO:0051707,GO:0071704,GO:0098542,GO:1901575	-	-	G	2CME4@1|root,2QQ3M@2759|Eukaryota	3218.PP1S70_290V6.1	8.09e-94
343.380743696507	-1.19994253299638	0.565745115376499	0.0107549400196184	0.0386480512924441	g1096	-	-	AATase	-	-	-	-	28IK8@1|root,2QQX5@2759|Eukaryota,37MQ8@33090|Viridiplantae,3GG6R@35493|Streptophyta	3218.PP1S312_36V6.1	1.17e-218
5425.20150845551	-1.41565724917495	0.728984319203927	0.0109462750745865	0.0390435207487108	g846	-	Glyoxal oxidase N-terminus	Chitin_bind_1,DUF1929,Glyoxal_oxid_N	-	ko:K20929	-	S	2CMA6@1|root,2QPS4@2759|Eukaryota	3218.PP1S333_30V6.1	5.19e-208
1411.05990098559	-1.15130557648543	0.547892025393395	0.011789905460399	0.0415385177712345	g2276	NAGK	Acetylglutamate kinase	AA_kinase	GO:0003674,GO:0003824,GO:0003991,GO:0005488,GO:0005575,GO:0005622,GO:0005623,GO:0005737,GO:0006082,GO:0006520,GO:0006525,GO:0006526,GO:0006591,GO:0006793,GO:0006796,GO:0006807,GO:0008150,GO:0008152,GO:0008652,GO:0009058,GO:0009064,GO:0009084,GO:0009507,GO:0009534,GO:0009536,GO:0009579,GO:0009987,GO:0016053,GO:0016301,GO:0016310,GO:0016597,GO:0016740,GO:0016772,GO:0016774,GO:0019752,GO:0031406,GO:0031976,GO:0031984,GO:0034618,GO:0036094,GO:0042450,GO:0043167,GO:0043168,GO:0043169,GO:0043177,GO:0043226,GO:0043227,GO:0043229,GO:0043231,GO:0043436,GO:0044237,GO:0044238,GO:0044249,GO:0044281,GO:0044283,GO:0044422,GO:0044424,GO:0044434,GO:0044435,GO:0044444,GO:0044446,GO:0044464,GO:0046394,GO:0071704,GO:1901564,GO:1901566,GO:1901576,GO:1901605,GO:1901607	ko:K00930	ko00220,ko01100,ko01110,ko01130,ko01210,ko01230,map00220,map01100,map01110,map01130,map01210,map01230	E	COG0548@1|root,KOG2436@2759|Eukaryota,37ITD@33090|Viridiplantae,3G7E6@35493|Streptophyta	3218.PP1S146_98V6.1	1.52e-181
18.9732295487679	-1.52877821776385	0.837452168618266	0.0119923704473584	0.0416409778666107	g199										
105.381536575487	-1.58393326898774	0.900894856873179	0.0119148757258089	0.0416409778666107	g2000	-	-	-	-	-	-	-	2ANNQ@1|root,2RZET@2759|Eukaryota,37UVI@33090|Viridiplantae	3218.PP1S308_31V6.1	1.01e-134
71.3886800345594	-1.52605574610136	0.843781231280101	0.012156787589744	0.0421104108577431	g270										
11.5538164298132	-2.08264612378812	1.59488795290904	0.0128328142181154	0.0441338551033514	g1216										
58.8218729658596	-1.57058149752886	0.905753864499767	0.0131549238275827	0.04502671077327	g146	-	,transcriptional activator	RRM_DME	-	-	-	L	COG0177@1|root,2QQKH@2759|Eukaryota,37N2F@33090|Viridiplantae,3G94T@35493|Streptophyta	3218.PP1S480_4V6.1	0
401.514511560343	-1.09380401748041	0.520693745207559	0.0131937262850003	0.0450525108452261	g389	-	Protein of unknown function DUF72	DUF72	-	-	-	S	COG1801@1|root,2S13C@2759|Eukaryota,37W46@33090|Viridiplantae	3218.PP1S60_322V6.2	3.37e-247
66.4576415252939	-1.15286274937295	0.562694287276688	0.0134647514275151	0.0456534277812923	g698	-	NAD binding domain of 6-phosphogluconate dehydrogenase	NAD_binding_11,NAD_binding_2	-	-	-	I	COG2084@1|root,KOG0409@2759|Eukaryota,37KS0@33090|Viridiplantae,3G856@35493|Streptophyta,3KTNE@4447|Liliopsida,3I8HM@38820|Poales	4536.ONIVA05G27850.1	6.68e-19
28.300671861668	-1.90213279677827	1.59832859968819	0.0146888137370467	0.0491103958122607	g2059	-	AhpC/TSA antioxidant enzyme	AhpC-TSA_2	-	-	-	S	KOG4498@1|root,KOG4498@2759|Eukaryota,37STW@33090|Viridiplantae,3GD23@35493|Streptophyta	3218.PP1S143_138V6.1	6.22e-183
6.54198260168266	-2.27485667948332	2.3998855690227	0.0149468846594776	0.049742403682003	g479	-	Thioredoxin-like 3-2	Thioredoxin	GO:0003674,GO:0003824,GO:0004791,GO:0005575,GO:0005622,GO:0005623,GO:0005737,GO:0006950,GO:0006979,GO:0008150,GO:0008152,GO:0009507,GO:0009532,GO:0009536,GO:0009570,GO:0009636,GO:0009987,GO:0015035,GO:0015036,GO:0016209,GO:0016491,GO:0016651,GO:0016667,GO:0016668,GO:0016671,GO:0019725,GO:0033554,GO:0034599,GO:0042221,GO:0042592,GO:0043226,GO:0043227,GO:0043229,GO:0043231,GO:0044422,GO:0044424,GO:0044434,GO:0044435,GO:0044444,GO:0044446,GO:0044464,GO:0045454,GO:0047134,GO:0050789,GO:0050794,GO:0050896,GO:0051716,GO:0055114,GO:0065007,GO:0065008,GO:0070887,GO:0097237,GO:0098754,GO:0098869,GO:1990748	ko:K03671	ko04621,ko05418,map04621,map05418	O	COG0526@1|root,KOG0907@2759|Eukaryota,37UGF@33090|Viridiplantae,3GJ3A@35493|Streptophyta	3218.PP1S201_26V6.1	7.37e-08
